care_z,poverty_z,inequal_z,spending_z,staffing_z
-0.38756972076871055,-0.5785058635913183,-0.17283731069766256,1.279729792203517,0.8392733895926002
-0.3157332740142378,-0.7855112007466687,0.8249981392675557,-1.2633655467850484,-0.42745703731471807
0.6075756013141321,-0.5851922632826165,0.18358574332240002,1.1593478127288621,-0.7108863538079466
0.2658723414729839,-0.17917353625342325,-2.501375710836185,1.1388404091730053,0.8760911160541126
-0.6276666236737094,-0.17071259841327613,1.188300504459571,-1.521034059793812,-1.706372396726618
0.4465968652962788,-1.4512608552079365,0.4024968799047557,-0.8638866259090996,0.01964318891681789
-0.233928637435386,-0.08044568953365502,0.8515491696190596,1.3120650156920597,-0.028058908974605067
0.045099982573944986,0.19769960115519936,0.4754134399689965,-2.140565911337177,-0.22890363217717247
-0.6452016580903714,0.27912886924967995,0.44109307962296285,0.6756507264961007,1.4234827407004305
-1.026967331786403,-1.197312024881431,-1.6003789553666055,-0.16883148248772237,-0.3985564928103773
-0.7730400251499243,-0.007515721971062261,1.2520433847607477,1.4222165272203613,0.09776623072579524
1.1719739856674805,0.32621818345679254,-0.2697472544252868,0.12131411323876706,-0.14867805466919776
0.8734171177401666,-1.1679751008709323,-0.48711947343401474,-1.4069490428269993,-0.256696551482936
-0.5462081504972891,1.5026161109422773,0.41383304454932335,1.0514807228865188,-0.3717881262439192
-0.29720374592839605,-1.083770532372398,0.403467924763686,-0.7181643054033197,0.12698530655396306
0.14822475947727487,0.6995428384819768,1.0076242245269131,-0.7012498882455813,-0.8810090408951811
0.2479258833706366,-0.6115136623549908,0.41447253625337244,0.8503008007808359,-0.6492866078132036
-0.9663369695366595,-0.20109558308049016,-0.5548764307538561,-0.356669262995158,-0.018048980465629475
-0.9486472341171861,-0.6096909329609868,0.4030765698747587,-0.8256287249774592,-0.5499011137838604
0.06889569866616202,1.1483805824997475,-0.6830439488650667,-1.2643315946659346,-0.22483715630628984
0.3518273488656976,0.9464429414255946,0.2424919097296897,-0.9657685755236208,-0.7823699135249834
-0.11149574736988724,-0.7058469313605321,0.42630913140619087,-1.4997668594370086,-0.02940848953425664
-1.1559191737091452,-1.3448877674068778,-0.06675773492794429,-1.5402471749081745,-0.3335424068804058
1.4288512586926856,0.24658757801332087,1.1324117234105793,-0.9715908660164481,1.398947953746443
-0.40426842254769174,-0.3894508579889716,-0.3446477473753382,0.975334957567142,0.9757677923953539
2.8856512565959065,2.0830697579871806,-0.6672010452927597,0.5260044908303753,0.9815831231661271
0.17626260487710288,-1.1179800573954364,-0.4027847517379309,2.618508823364709,-0.15084210820742913
1.247110158102714,1.762902056298229,-1.1614181150731195,-2.0554660541903127,-0.9299625822518715
1.101431608074923,0.30990228963149463,1.5845986051451184,0.677270268408977,-0.811030140446203
-1.4099046808291456,-2.208663536831375,0.524348480504551,-0.14180219951664727,1.8031420098724746
0.6616861887554184,1.350793236649422,-1.14308138353021,0.8903611814127802,-0.7189868813991883
5.284652508274826e-4,0.825892944191028,-1.1275237138216454,-0.09677552289970419,-1.1795721465855236
-1.3447582272041116,-0.7186724026791557,-0.22872117172904322,-0.11072502878305063,-0.27508468099160605
0.04571527266811459,0.03381023156052904,0.9806861939360899,1.3591767406137136,0.012727705095104395
-0.7767011282114017,0.1554349724091208,0.8326901710577149,-0.5036240357777115,-1.0985070818356977
-1.2839470189858881,0.5266024189338036,-0.4382622576612787,2.0725768665239688,0.09465846498284368
-0.31417597292692045,-0.4110520925112792,-0.6179507662091724,0.027223417852170306,1.1595778060703912
0.4376671801344101,2.7223823665030995,-0.10141499143310873,-2.397920023769091,2.4005415238462904
-0.5660548475995222,1.0288713095735316,-2.1996214453992864,2.28150530701966,0.3509840556877263
-0.9002591873423917,0.2971089136380295,0.07825548495046203,1.5740469420127712,0.4939112988908997
0.9863365089538128,2.273942373786856,0.19238119245620705,-0.398414630796853,-1.2730911732224275
-0.7004706272166091,0.6408270660691731,-0.2453416134652705,-0.39715228363393273,-0.07187336394927164
1.2939240786091932,2.123038118494898,0.02726446620851186,-0.9938137571861883,-1.1599434059302385
-1.1876207122692595,-0.9293272768723908,-2.8545887367207547,-0.44396169690062215,-2.0299683394357575
1.3408336740126676,-0.023484187160815295,0.21881878803398175,-1.6162091736461108,-0.25708839205501777
-0.6819032942846792,-1.0465142705844526,0.3754831634665443,1.193372598046329,1.0356028452401307
0.20543147042082555,-0.9087236033307398,-0.19120206541858106,0.6693902214322767,1.3492285366185726
-1.4921109228725589,-1.6576327841687506,0.7140415325957472,-0.5629558058848517,-0.6831893827378828
-1.9102196888923124,-1.1342422968417174,-0.9816886144993475,0.014170352168413891,-0.05806560334800884
0.5073071638166771,0.35330431729726963,-0.045085304604893114,0.12906445688279847,-1.256101223467909
0.21728493356902634,-1.1198568426611586,-0.7559653612491304,0.6578778032630046,0.20966137361054513
1.5188688982012541,0.08266070021332239,1.561097114936185,0.6410259280178766,-1.359990970437248
-0.8903512272926706,-1.1489901672924734,-0.6218500061585686,-0.31193732529664353,-1.4942931578959497
-2.0315203212042787,-0.23998061991348846,-0.7287746254092698,-0.008420282972924353,-1.5749575179819875
-0.11440085510477682,1.6723519361287327,0.8857749545254925,0.7419082322834708,0.40879616665328633
0.43716007528891065,0.7057106853085273,0.5689793688066725,0.8672404996546336,0.6276472663004465
-0.4026221887324261,0.03164246592182435,-1.2004886701493416,1.3992288133323703,-1.1992036732427893
-0.9305021210576612,-1.3905642665664133,1.0326674363153834,-1.0747866857912902,-0.6895673412502911
-1.0786802876690946,-1.3860707909875636,-1.1339191027361555,0.08254412766121788,-0.358666837468741
-0.28399291059316845,1.3293671135095808,0.16666852259675552,-0.6367201368010391,-0.2451328664473898
-0.8122304621164639,-0.1282980089374381,0.07534790951076104,0.4653359063769559,0.9177229415919118
0.35358182029305,-0.4497553098036322,-1.4007346192294479,0.29628326278383754,0.3098722657149695
0.09875163039603846,0.24335132762504996,0.44419307620610404,-0.9700546505306197,0.1704929912565791
1.822108614149978,0.1272274337852095,1.0912160938886744,-0.19579963449897142,-2.555954603475423
-0.9064891536767887,-0.016954901600022332,-0.9096759969064968,-1.1066594714028093,-0.7026003804882285
-0.9282740445049902,1.2763305665355962,-3.0959440818705026,0.44973411289680615,0.40527477288049807
1.2061273522072204,1.4526856000868025,-1.4923933894180283,0.02580924452093969,0.2644888076103658
-0.4873873264825639,-1.265008559901359,-1.8525015710714459,0.0626963397070936,-0.5698359447635953
-0.06300509286034264,0.3258902869903145,0.4282515262729716,0.5320097591321459,-0.23709065042629696
-0.3155763058975067,0.5261472721187512,-1.300711756534811,1.319377915899733,-1.475741931688702
0.30721597494654906,-0.23010657859714462,-0.6739227949091917,0.2860204994184123,0.0837030876397902
-1.6280752312803646,-1.4842985226551146,-1.290031205549361,0.374249309316718,1.024975538969643
0.39430458041853356,-1.1923372354395692,0.40015257710087826,-1.6215330676184416,-1.7548545683930488
-1.498505295939196,0.5158644380396649,-0.7801502904233985,-0.016880330099788177,1.971823199287693
0.4564777085168075,-0.7234131033481448,-0.4773567574927721,0.2595942229023754,0.061637318359880955
1.832015553796753,0.3301449615550385,-0.08396967000505917,0.09811870247139112,-2.6450866269047104
-0.34025625996413916,-0.35471297896304654,-1.2302812815353794,0.003235468888384732,0.34387895292365656
1.3618593641213854,1.051647962983656,0.8837538652344322,-0.8729200697794984,0.1043890155325149
-0.5895646631905214,-1.4582335023167825,-0.9587326080122168,1.3202960373605426,-0.8249773165351414
-0.7746627387757046,-0.38136454563790567,0.2704635205644201,1.3263054460380717,0.7163400652863884
-0.26508085027785977,-0.31871799340610935,-0.4710789739772421,1.1439588085713464,-1.612426930102595
0.3330256726697584,0.123197084801215,1.1572797053852815,-0.513283194701,1.1320285807186572
0.9828880393671556,0.06924620750354687,0.35887870377971964,-0.786474390241618,0.16410086893168196
0.3060201720818256,-0.9306138778870556,-0.5509577602381459,-1.3033104030804017,0.24027570049971003
0.25664258674631046,0.7821035628867662,0.24667173391009217,0.8782284793603753,0.7410038207238574
1.1974170956801093,0.1216750840194682,0.2900991216763432,-1.360108222218098,0.8290302811525823
-0.680789047926414,-0.14129217694791082,-0.26030278356147274,0.2656655694353549,-0.07064619405109288
0.8050830137379413,0.048934384325158634,1.6173193317981076,-0.2859606152174205,-1.0274262668540777
-1.7430847528277629,-2.0698202994278345,0.8289320557395886,-0.8445244783792857,-0.8282054756290531
-0.7404711660624526,-0.7216480485280693,-1.6224699057217753,-2.086830299345754,2.0418475694317797
0.5670708756574505,-1.1800489636617115,0.4062005370760833,-1.574439502889135,2.356910095465529
-0.14773771619965997,0.34299235658373184,-0.17803437628929103,-1.2125600694541674,2.41573270398461
-0.382371741094012,-0.260837500928206,-0.9763278364388395,0.4306599716084675,1.1179329287942206
0.19394971512565162,1.7860951006595784,0.42655317552698335,0.572097592997472,1.680071291313711
0.4664867277877556,0.45315037841106615,2.774987171126691,1.4866643810870157,-1.997891799675829
0.48424601211565854,1.3473267823990027,-0.20141074587210664,0.7071187400524838,1.079925865952772
-0.9290861944173571,0.14966486419615577,0.31018434034410924,1.5423998237782315,-0.5640451339160345
0.4462764484015832,0.7298292721222256,0.2202871006950321,0.7727509798476058,-0.6922648897745871
-1.898936635001625,-1.241813698472734,-2.309112510594889,0.10917194435688778,0.7009996335011475
1.9162673099487202,0.826246876682428,1.3496444034646136,-0.467890912718649,0.7223721121124228
-1.8072383368396723,-0.3568481714919258,-0.45291326595159875,0.1681090204006448,-0.6841042806929487
0.24063613142024975,0.8918487868262175,0.6419870449459307,-1.0258862157527542,-0.19142500453392935
-0.5163783875002119,-0.3476558366003134,-0.012077240186398747,-0.787994754994666,0.9632351296306096
-0.4613983800483927,-1.7392504451121806,0.4462412108287521,0.1431514473398472,1.3081154009899678
0.9990803136147086,-0.2092731725224945,0.5209855928015362,-1.6111832310366339,1.4559255441322507
1.2645468036056244,0.6381586151363857,2.1941423680635337,0.032921482024096116,-1.785597822003344
0.3553357243653714,0.5693141703378748,1.2262852275807274,-0.5392009102163571,-2.2737375049922837
0.9434320417457825,0.7764629088656718,-0.3589151145475974,2.1655315124389185,0.3094371738576092
-1.1810886595083405,-0.42955482367238523,-0.9587219068524895,-1.1470609708992259,-0.23977068041995014
-2.0719514788014823,-1.085395097274906,-0.3314775103392149,-0.33984891818538915,-1.5487109671926922
0.44284582678990225,-0.20530484380845673,0.8037058072243622,0.40305158872665264,0.9487470636906532
-0.7395915007354721,-0.1736360740853265,-2.8977845473331705,-0.287398469701765,0.34668822529025045
-2.886865584264041,-0.6977092378194867,-2.621105218168837,-0.6659406220600581,0.659034060412514
-0.7441823204587518,0.9721250561107184,-0.07510950691217938,-0.052626254125780286,0.9382130548902586
1.0016601974957342,-0.44662771357094366,1.867711434889218,0.6126439483265769,-1.3632195570173844
-0.254697758039183,1.5194757631757352,-1.5683748589122002,0.6755428534487158,-1.8457517755206918
-0.157118384128209,1.0473563618670207,0.6767979105528009,-1.1254210622758647,-0.44055417497238075
1.0599170938428122,0.28483151374356225,0.4209043088800588,0.8060810584809207,-0.1945158843742728
-0.3594213995278712,-0.21568474762959178,-0.9130502521016333,-0.6143051630412116,-0.9381600299127111
0.7446667822013168,-0.4376912076399637,0.4242828700663791,-1.2532293491136117,-0.8370609698823236
-0.8770453687293895,-2.1690088451153873,0.43927178732408223,-1.7974856205948024,-0.6302135390984817
0.06245250924752155,0.2833483118966512,0.31771209057047206,0.5627951219269436,0.03398464165252352
-0.9251782375027697,-2.3392188419760247,0.5027064083463194,-0.3102795677862973,0.17710600828177098
0.35972652425950735,0.23339524941275402,-0.7271241336963448,0.8235146011383307,-2.1693381937918788
0.002482392594249122,-0.3240315132200602,0.2998896105606004,-1.0102873395445764,-0.5957811329754833
1.0399835157361836,0.8748361528845875,-1.225212236797793,-1.1755073181657494,0.5399739281756544
0.2920742040140669,0.6466849772935187,1.2386302394970796,-1.6681169468278474,-0.8146051784331045
0.6501200870675179,-0.9977799401113441,-0.8517647697394811,-1.1378776376370787,1.0256251653743635
-0.17107891060811414,-0.5389662561425078,-0.44600163518413755,0.9006663592342321,-0.141912517676568
0.39035357684294547,-0.3996547602931857,1.3483252497460834,0.5952775446809033,-2.228425218329309
-0.2545657013005962,0.630918959473827,-0.6660347072179776,0.05948265869542589,1.844850408127572
0.6592290272503812,-0.8747491583121648,0.7146624866994638,1.7313169999751623,-0.4222887320033273
1.2106596619880743,-0.9420940004520519,-0.5236447996578106,0.24829569269820997,-0.8304674043072133
-0.0983748920638163,0.44086736437167184,-0.04559827643383546,-0.17781919249443007,-0.8723586319656639
-1.4859998714964857,-0.37956161801496,0.17441423670881817,0.3408597815972586,1.3717231104800958
-0.10574126404234441,1.2665748691002952,-0.03890591318298364,-0.4139624943024294,-2.625908569888528
-0.45498433191443566,-0.6599699503857104,-0.2767121702852715,-0.9526780128512247,-0.03673723490060775
0.8749296904755403,-0.80237308667603,-0.2041837886443288,-0.4050669347562059,-0.996715167290642
0.3394391858157959,0.37110744814638646,2.097257585102973,-0.42481097306693355,-0.03038054316289459
0.29442329282734025,0.8529116935679241,-0.5188216059716798,0.523319109612234,-0.38121318443888236
-0.8403032002890528,-1.0488519702036243,-0.8368074883520034,0.31756788133475417,-0.029978516894215806
1.8284748551214793,0.8130359808361626,1.1729054362387887,-0.5764154966290551,-0.44008984417153707
-0.027753838291509958,-1.8037026043983078,0.4825589517653789,-0.9153926128506016,-0.23053085721536165
0.14299329839924643,-0.04393604463487348,0.2582308953638006,0.7297686363272143,-0.3110621554624956
-1.5956411167672562,-1.5454823995747262,-1.6795874606814576,0.7187811232398571,-0.7804515873463777
-0.4998524566987503,-0.7824332554095104,-0.8671233170840803,-0.29297724489146204,1.1394464969120006
0.6838760986642454,1.518776336440993,-0.5436309239983114,2.280731876870596,1.3835698581593925
0.29117595728897455,-0.23232341690003594,0.7486542629139609,-0.04916376794882896,0.47424545580862276
-2.1195276555867038,0.4492337645867692,1.1121656523110812,0.824933646540875,-0.2085322891836839
0.5131326336580898,0.08371932764439263,-0.09785613047184678,0.10668509776056445,-1.1178502280511762
-0.2640673767418643,0.805120750216769,-0.4270978527430514,-1.6568051022475447,-1.2162952011344208
-1.1990121969768515,-0.2009697165510384,-1.0234566050456388,0.48734359415893463,-1.4395769084587715
2.3006554834518997,0.5626435106108687,-0.8085533409773552,-1.5224719153968331,-0.3621302940538929
-1.1059435050143294,-1.4010012302729091,0.17674537666957674,0.4363411817398525,-0.05240788504321672
0.17490286212383832,0.9498943296075832,2.885618862590359,1.5080927409505533,0.6177442949060553
1.050402620686354,-0.9073957742076602,-0.4306388081891885,-0.3013601197547135,2.0473293485969064
-0.3328111387561841,0.5730021540097796,0.9219285458260703,0.6325912627115862,1.7105417301421022
-0.7734747727322753,0.3602855571259223,-1.0948011439396441,-0.9122231562758104,0.4919853784715972
-0.9576058735033066,-0.2831488648257634,-0.3038898320892726,-0.9932151646845657,1.7414921767493343
-0.6694393807975024,0.8855600932606431,0.42081607781838815,1.4782628411757988,-0.5207002198657619
-0.9900425964228845,-0.6248188509123551,0.16152953553953736,0.1119262667023381,-1.9054360970634945
-1.1442576994344886,0.3710923035874067,-1.105458471922839,-0.2548740067948617,-0.6774994840834797
0.7549872416635593,-0.7908254167274615,-0.638132243248932,-1.2052388838949675,0.013235681913262062
0.7114487064157751,0.6743421457770398,-1.2238691767132208,-0.8272793424187503,0.06786300312637657
2.070286128752676,0.32166746426040993,1.6467354550968856,-0.17728564155489435,-0.3117100282095847
-0.6731342607317181,1.3213820252404846,-0.044397353697767816,0.3569496734740286,-1.2107369665805634
-0.7949556638345185,-0.41955737181330743,0.3675807744485842,-0.941147506121567,-0.7108048177109572
-0.4759720326243775,0.037920779099971075,-0.764070480311791,1.9025816606480594,-0.26283367990344847
-0.8489215547968628,-0.5458410196153415,0.08591822573916554,0.9817709532179085,0.15164300780110532
-0.2582158859558832,-0.0911163339193721,-0.14152367997768214,-1.2595814574075561,-0.841636668971692
0.14550847434717065,1.4699310788163389,-1.7262043523853712,-1.7520268465284432,-0.4392503359953164
0.4166421268372298,0.6485959550634186,-0.5957292174270644,-0.8579861936545965,0.0533408191401993
0.15937824845470883,-0.12322978207748517,1.3533715992087958,0.1891332676976259,0.6054621070258209
1.1608985916810524,0.5006865556905606,0.47647334353250104,-0.1202189161811321,0.3656389056298109
0.5126697360277531,-1.3790051070181066,1.272490235248692,-0.22856075754550428,-0.3640253169777007
1.5947417646778375,0.7425401860798555,-0.5612644692225697,-0.497423934147331,0.22221530429108147
0.478574639238532,0.011662670498255368,0.040950694543826105,1.6121748364217292,-1.1456750594217142
-0.2722564461185933,0.7797105413569227,0.26761660524160014,1.9341287658802377,0.1433796984398654
0.03279085405124782,1.5363291049620513,0.21326480587667462,0.7071955021438485,-0.4038722683854676
1.8800668903673796,1.1992911007411295,2.717791585035817,0.7686388502197417,0.7157095653024552
1.5445699301441835,2.673137283263571,0.42607939729821936,0.4756171528408186,-0.3644505536412388
-2.033213692624299,0.07379666544497432,0.681415057257494,0.7645196502879109,-0.10100016191070428
-0.095521398667479,-0.11169585518076841,-0.7940055884408922,0.1746359920147364,0.17199356485725995
-1.3559888879363016,-0.6631085176430077,-0.17836768129470126,-0.06739960305105663,1.380857200377206
0.7690449274319975,1.6670273520223935,-1.80682026434667,-1.440386398387413,0.344273285525503
0.5278862967156777,0.09380652182094748,0.6886750150092591,-1.1080422791631677,-0.8907536603407983
1.0567656531880756,0.9245275057020078,-0.5454655984867766,-0.11281120552656575,0.3206006931199307
0.6489654919942371,-0.6684863996096685,1.1388189156252144,0.32132067097808503,0.26906123752773936
-0.4478691001794753,1.2464331011987693,-0.06957445068675938,2.234009769030654,1.672826091842093
1.371005286422076,1.5650230030965755,1.4530478452590585,-0.022401943752267506,-2.6135228773332297
0.013699155294260135,0.2399370602507948,-2.0177634022460618,-0.3442851842133559,1.5697143848587596
-0.32785314376620106,0.14953019907342235,1.1362400956120062,0.43734385394855324,-0.3302758490112717
-0.4655438045110521,0.2827087077380813,-0.5746215213991439,0.16994358801603465,-0.9153396463356445
0.90444597535345,-1.2000101826342848,1.9043936194037898,0.01519046800692464,1.60198388433591
-0.26890747695294,-0.2848321188107907,0.3424427201982237,-0.7014343806166833,0.885980982900695
0.8866308391172366,0.5379084075753156,-0.6991405282022898,0.8447877550566057,-1.329555197332524
1.2429378740785972,0.5562575284218729,1.027106272557784,-1.4445991249958126,0.27110208937153224
-2.086646723674739,0.22049300993182586,1.2802843896504241,0.06123344074389048,-0.25259068396432693
-0.6318055388056849,0.06303639362880442,1.1989832348566147,0.9170165875477667,-1.5636723565234492
-0.310789824554153,-0.2922532105080696,-0.06711547623905625,-0.06349182129188244,-0.431357042152604
1.016767484607911,2.377631524166778,1.339858481135068,1.1056153657666572,-0.5248090922193177
1.6396534864215582,-0.862680426647779,1.0758531405727678,-1.0628924591718265,-1.9105789108466755
-1.2270518762054898,-0.0485328065193002,-1.869206902633139,1.7655951701066575,0.024398727285557704
0.7040683105116051,1.6238448552433349,-0.7451999693034478,1.291140082514848,0.32213250328489584
0.391218648966167,1.5825807936777334,0.05740581362291247,-0.6274492997747184,1.4942412628907975
0.4021938382102511,-1.390281039141593,0.0467999595272916,-0.24923153113883653,1.0295247370526703
1.5762819712873268,0.2880820388899525,0.9672981418554342,0.5920666445687615,-0.35603754818535593
-0.7593773572661338,-0.1729515602815554,-0.625905440124114,0.3352115208605805,-0.42378644835076607
1.36605250796608,-1.1094577924476854,-0.2476259079218982,1.1321412493832792,0.6547192512249362
-0.38813845620135157,-0.8851155512259739,-0.4661868741020083,0.6754593645954926,-0.06156830681427899
-0.009053935821353762,-0.8161436720774237,1.2354694097718997,-0.5984500301876415,-0.9698007831125849
0.30769289610411815,1.3262840581582567,0.5134064471226807,1.5153479345309704,1.136639372254918
0.34455749203614117,0.25256392834749575,0.17880089409225963,2.053009224060917,-0.03347601004565766
-1.30682473234892,-0.9042456286110829,0.647715687478621,-0.9291849329321071,-0.23661931545059492
-1.8827690786897506,-1.2288886046401557,0.9322452902583135,-0.20282192051882608,0.5608607630544666
1.151343584418108,0.16573711680187875,-0.0897132026431412,-0.19656235561438007,-0.1825785616093792
1.025101427114974,0.5240214037581079,0.5892654521615653,-0.540512051700656,0.3294667007931467
1.1784480388087357,0.7109562076846618,0.40935563787413926,-0.46178551699146597,-1.3462429145713157
0.9315703620649861,0.5073524896261937,0.5511353293975655,-0.19893351571899798,0.677630169591321
1.4645707012840135,-0.9581559600844745,0.4626222613642603,0.5419768321735274,0.2888749371233982
0.3153604640986518,0.6743095305116007,-0.3006663705041538,-0.2420477163705732,0.044766029357634275
-0.8277103248589487,0.7523835047257559,-0.47119973768159584,1.6678182208524146,-0.8660689683024806
-1.2643922681097468,-0.5612934582731158,-0.4647306173493143,0.6812402631767979,-2.2371757374246197
-0.6904685118223338,0.22563039561357395,0.47772978106905795,-0.8432169969340605,0.6471295222171582
-1.0739226279319778,-0.21710132586554473,-0.8866085981213893,1.2985149666970544,-0.5360300029426671
-1.165273923482141,-1.2374414130456026,-1.4995857433355235,1.7827684107308788,-1.0568517223809992
-0.357248872596303,-0.4994113481546237,2.1356678792672583,0.09182044839432255,1.2877108214300204
0.08549872969646367,0.05365294544826943,-0.29137057302852537,-0.384816252655746,0.8527941474471821
-1.033563697491266,-0.5403630297063087,1.3745433283036004,-1.066822109280741,-0.9958812615874622
-1.4327878076765026,-0.3871610486167646,-0.31889114243923317,2.2536923767552333,0.10861877933128998
0.620603702881015,-0.5802287738282268,0.8121425547614097,0.44121060650787186,1.0976513681799405
-0.4968134298566767,2.0060185004104003,0.3036719614423945,1.3222777273951483,0.8435888732098189
0.07256817308112612,-0.46319238140173274,1.1415539944322455,0.9511636590722321,-0.9549789519415497
-0.13353056611685554,-0.12789791097609216,-0.5284341866338804,0.26171592637533253,0.08253899898744878
-0.6143990435682644,-1.1486272045881887,0.5080353830350088,0.6355283511720476,0.9742186298646611
-1.3654707365497847,1.9120139536245455,-0.42538576008430273,2.117973509506975,-0.2782198095713245
-0.8852621403695266,-1.2570206646232016,-0.7683885749930797,-0.9154546201243339,0.03913899836494808
-0.754668591400238,0.09237963201323468,-0.8023544183724243,-2.068809371730782,-0.8127667509783028
0.858976499095081,0.03624780465134858,-1.3732418704273746,0.16083473318796468,0.07450448171026496
0.5339715730809146,-0.8025122769374242,-0.5056714301458085,-1.085684565058797,-0.35920013406594686
0.539639317392324,0.07550443433779519,0.4159911004186475,-1.5743524811044343,0.4627161391863228
-1.1267357925576484,-0.10080408014541191,-1.9894922957136436,-0.16821441328803385,-0.7260512489347338
0.5392314625425407,-0.7613051927283369,-0.9190644366826681,0.26688893135641095,-0.6391181310986125
0.9967732103288924,-0.21080479797390894,-0.30432350120815543,-0.8937785187086401,0.4463839635772369
0.020733678277710166,0.17273667360087522,1.0546263660016966,-0.3543331209412095,1.0814733352183399
0.9246117705896824,0.16385582353449524,0.44914812474423443,-0.02771757724502777,0.33756397201232274
0.8760104395755528,1.038391062183762,-0.590278528287472,-0.8718135149731431,0.6483531940826344
1.243520457570272,1.3738256680149088,1.0019092296131515,-0.9001011195558342,-0.9157453795480874
1.484496380555746,1.5401568339079783,0.41310925034066115,-0.8809797525788567,-0.4790641116490184
-0.39830854574751035,0.44747273129039666,0.47348062802266044,-0.723366726066164,0.9440975187370869
-0.9093024560588422,-0.7678464229847284,0.04753253849188875,0.5138749062995152,-0.8422613113241509
0.7904322980844798,1.5321565206812848,-0.7536420770631084,1.3003802208642954,-0.1170049466444553
-0.07780504230990304,0.6990152057408837,-1.4850455657739274,1.8347863636712494,1.4270469702230812
1.9964820257649927,-1.080131309900918,0.5921252272178674,-1.2740200296224509,0.922827559395014
1.3250068805423663,-0.1029777695052003,0.5627827603464124,-1.471713390465148,0.9374441132896236
-0.9901831429700868,0.10792389781671576,-0.20593707838639996,1.441470567566514,-0.13677587560213797
-7.101395075559402e-5,-1.6299927736322557,-0.32831714796052197,0.057805276107130016,0.11086072134142355
0.790863319047772,1.1237134989065167,1.036952613726545,-0.578763678407525,0.20481450224989295
1.509710931062881,0.4758336650873993,1.6727134128921606,-0.7664669554507435,-0.816978235037453
0.41370469573246393,1.6599519395649074,-0.5270749828691584,1.0136635507369112,-0.030120595416780874
2.1439971759199645,-0.23453133367629841,-0.1155829331664624,0.5741185095143722,-0.12327983183093617
0.26179666045104044,-0.6355465690150898,0.3967238447372185,-0.00869889320426652,0.6597886609543133
-0.946135731650049,0.041935594995037045,-0.21950461025966483,0.8298035348894665,-0.02255401512376842
-0.0806301442539411,-0.25709543459240125,1.309738807054459,-0.7833329532412556,1.3979593045319716
1.6936468578071946,0.55759265638117,1.1452387948967777,-0.029775057131656332,-1.0633071907645641
0.6420837891970618,0.9311288655915874,-0.8030272247954191,0.9245542747627475,0.4416561149897503
-0.9486502691513339,-0.5608219433398886,-0.9447368147137987,0.5446463523137537,-1.0457515521900773
0.7861339446600689,0.410666071220262,-0.8802213869674829,-1.5046180996776697,-0.16042778369787286
0.7446806673547842,0.8715224201807634,0.015124904443485618,-0.7998430421266308,1.7091380041284927
0.021866950986192124,-0.8123162828918609,-0.12260896243733824,-0.40937741212185585,0.6123612931439901
1.538130606341915,1.1963057865493947,-0.6178474615789878,0.00711375591986535,0.3023318650405506
-1.9016119601228185,-0.5937323374675975,-0.5767854277878426,-0.9860484197969098,-0.26309800202220207
1.1189502704744096,-0.8210601493192281,-0.46622811540771525,-0.05939144422299647,2.571786237048801
0.029747000425893733,-0.5845058458076688,-0.6693127590332926,-1.2984566474404984,-0.20031449961983225
0.060103121897898515,1.4609702528398234,-0.23956411262526997,0.8640562714528741,0.14356538250706774
0.019406502239321444,0.3992227507489688,-1.5445029100944234,0.1070337907394932,-0.32159044301788486
-1.0228786794963245,-1.7566016818073662,0.3918085482341279,-0.21209442717155924,2.6461033364398947
0.17588100439030468,0.15034120412821106,-0.20476821319301428,2.9512668656407657,0.18441854151395004
2.1167285099237927,-0.23170290011571915,0.2262824316807598,0.4115293574364222,1.015014149243581
0.9529264093375358,1.553820645947157,-0.5964177634110348,0.48404609793178044,-1.3177586654749072
0.6924212955580062,0.491171311210369,-0.1739919683866542,-0.15100995113567708,0.01717166718234056
0.5226010035637416,0.4448976283638811,-0.8687810097029045,0.22412893324562072,0.5933351813298667
-0.3214804460120321,0.2565401001163655,-1.0495282477009171,0.8243958355325192,-1.748710535160019
-0.9644640474383599,0.18600112435753335,1.0802147049741597,0.25890910172563614,2.525918534695774
-0.03107331270120184,-0.8711813208510839,0.40306502997292504,1.9885680022025984,1.6852212428901567
1.7811191705219196,1.5133543945783299,2.29025097473105,0.9823636229955471,-0.1355511691759805
-0.8382713263589096,-0.9427555438389057,-0.5835722090482556,0.7197461839711237,-0.30358894164589223
-1.3473611446705465,-2.8460258397719973,-0.4703981802971308,-0.751509532571419,-1.3963369709708642
-0.5153247906812283,-1.352244002478073,-1.2651969342303302,0.1515390275696887,-0.841936799064881
0.45677247596740267,1.7256127777798045,1.4703726430790032,-0.8562254905344222,-0.1594825994033689
0.9018570086691096,0.2678005585250111,-0.317372055106173,0.962905076097447,0.8363047942219354
-0.5849125551246008,-0.43822264625794644,0.043112641471753504,-0.7060207152586572,0.1603319520331492
0.4199611688630397,-1.559682678418639,0.005245681709760752,-0.8048180801776399,-0.3015502936251475
1.228627978543142,-1.5622258171619163,0.7396763665107997,-0.662335050277433,0.4554030629261382
-1.186645719870408,-1.300782356616877,1.8381720615240058,-1.2141759183930967,0.16925023058970678
-0.03354169374898018,0.5247331635270327,-0.4979440733005974,0.7521555969823545,-0.5774863727512521
0.5014822943190067,3.024379834413406,-1.246528601146365,0.040709452852560724,0.28439198433451274
-1.4370885510447113,-0.9380641242472099,0.5250984634464473,-0.9642449535790103,-0.5342526818727188
-0.3574228240296157,-0.7521374988380594,-0.29127662780037894,-0.8032378230051048,1.2034872689342013
-1.5048066110532967,-1.3786470038300072,-0.6957545637935556,0.09413762494557124,0.03149442074067695
1.4236763501553966,-0.25509121457413986,0.9177582614339667,1.1687735476531393,-0.07354679507953892
-3.5673646183397283,-1.2373959114067306,-0.9585358641400792,-0.323108260813876,-0.341760332405425
-0.6330069646668627,-1.0397798964613756,0.8357585102515905,0.09247856551420272,-0.394631986188838
-1.1445970030353072,-1.3975559893509837,-1.4939110082045823,1.0851375072578322,-1.6682307942595387
1.2400863442307106,0.13456468939416658,0.8062090955024758,-1.5952748884218324,0.40330333933175055
-0.729323906757524,0.6256365889169153,0.904778420774752,1.0132566493474595,1.0519031907600305
1.1073979058980017,1.7145979927466186,-0.42899336553871337,-2.203841304293517,0.7051810514411634
-0.6502137124238961,-1.3755855450022227,0.13582651304661653,0.5612161959770634,0.549301354041762
-1.6616778119126492,-1.0414754685708547,-1.5752740999103252,0.42871103213000794,-1.0654166707764576
-1.484752481153161,-0.7611389023236292,0.5304730321995064,0.9700710288832808,-0.8671092381339501
0.1908280869700496,0.2774387167979786,1.8815014400768755,-0.9483135164669596,1.2391097027455167
0.5630124554129451,0.43401118259797605,-1.1111460569570648,-0.32018698135390783,-0.4044067495561159
0.6476788633790908,-0.8095457337144532,0.29864142468808025,0.0969140366930503,0.22340570705658555
-1.171361974337871,-0.5949612255397543,0.4905198580526143,-0.7336514739823837,-0.8811974347983754
0.4755146117977499,-0.10411050253039944,-1.548217769835216,-0.7658974621865509,-1.1680975495965893
-0.6411222314553436,1.3665979172240816,0.7134803159158636,-0.02744628658701631,-1.60817791019535
-0.7449668561556708,-0.7523010746261416,0.0847730057691452,0.8222960806222276,-0.2726051180973177
0.2452830644148537,0.38537954055010903,-1.4149881482999414,2.125689768064464,1.7608151872253432
-0.4702277505798985,-0.31331889364876103,-0.06832036005312511,2.0174757415585076,-0.5592503105615543
0.39001142813116507,0.14777877019437163,-0.04936559222363577,-1.4807957488910344,0.26806916728543856
-1.9118950111394026,-0.09857336442745179,-0.38871057232919526,-0.09565081380706289,-0.4709221550120849
0.21031053898287466,-0.6760572993094257,0.8654851312670351,-1.2985392579713566,-0.5103961466705658
1.4116471829007096,1.0357818806544068,-0.8542270419987608,-0.5650311580594587,0.2218018292960888
-1.9012148883107975,0.4264465478325218,-1.323460870256151,0.8390897351882296,0.5124178509608867
0.6148779369000106,1.001273288992869,-0.1656627643214124,-0.3277682647156333,-0.19584434923827462
0.7326229544792686,-0.25511957631288923,0.3292950006775531,-1.8075090012408788,0.6081675462027553
-0.5428926134787514,-0.6361374270303036,-0.2892067477960894,-0.4557188387922308,0.736580707182059
-2.426310812717579,-0.8634082603426836,-1.018518495938093,1.1726917517238578,-0.429470936578753
-0.40625979696813674,-1.5109944932866244,1.4453194746772229,0.8708956457219422,-0.4912377203664622
0.2183001005064208,0.6420479183006841,-0.6284981731964782,-0.9743595872313549,0.08982837861772155
-0.7111279482667661,-0.5514352198492461,-0.7768658939708436,1.497429097457551,0.3300955398855645
0.9459150220623459,0.7870800993008253,0.6009339434278496,0.38138481302204313,-0.1032347187038226
0.6724670568169037,-0.64678268239625,-1.0486557085328432,-1.7286717571878232,0.8568918523016387
0.32466016339422576,-0.042040703251747746,1.0922578905539195,-1.6626466455422306,0.11363396112656365
-0.9972535482611722,-2.529482656188207,-0.2416544493315832,-1.629333209750939,-1.8050006798084068
0.9806456743821825,1.3117063351890093,-0.9809127024489054,1.0067793385923776,0.8156715978322424
-0.9898785081189787,-0.4738615114641468,0.5129386681710038,0.16465871648902305,-1.3043987666699894
1.1442886907291596,1.3017386544154739,1.441290827519436,0.6873255285817284,0.14525839193086212
-1.1106809344598485,0.16088444366845883,0.18508198974821383,-1.1823059470806476,-0.6391592035380701
-0.0760406329992519,2.437810340392656,-1.4609518498613077,0.030192369428414495,-0.635584042733461
-0.8101769181233007,-1.9050951521347532,0.48206515280258055,0.8707299867169617,-1.5707223324056747
0.3982319400769416,-0.10914157248781664,1.1166422029457483,-0.5334274150524435,0.6869220205038393
0.8990157444563953,1.4995014107365394,1.7256564988522767,0.02807427396600043,-0.3461605590406457
1.0671571869331176,0.41656095740035676,0.9410555689886552,-0.16224857768138354,-0.10492894850556454
-1.553719129016649,-0.655251203343437,-0.1809587134708991,0.05921060690339028,0.016264426326950087
-0.7697693533954971,-2.161453906756148,1.3353800610449136,-0.9337008318499572,-1.0065856870726795
-0.3118042383343534,-1.48819876540154,-0.29172151259284546,0.26521044589278353,0.8284116210738431
0.74725893976572,-1.0489360290865215,-0.4864831411457766,-1.1970937065436642,0.8519498396671524
-0.4824157433046211,-0.9992275503956568,1.6441618883444782,-0.12428852571463693,-0.5149569799079282
-0.6166454531374476,0.4996984633412603,-1.5174653255379393,1.3260425924464854,-0.7655765874285319
-0.21687085322717642,1.333525288367953,-0.37923264820838504,1.3106085895373796,2.6134866422602716
0.9153108273216911,-0.8021578968733973,-0.48683897362702844,-0.18788519549381585,0.5953775239787285
-0.29050233725123575,-0.1334417124990105,-1.2893013213996931,1.3854763507955297,-1.0175855354125887
-0.5329873261473009,-0.2426436804022606,-0.04092354268401119,0.3899419175165643,0.9189064867885676
-0.9924672009157378,0.988077883602092,-1.7596431331733169,1.0870818152288737,1.0142175483420657
0.5020363673469859,-0.7501981951906811,0.22369413815346223,-0.05882960205243146,0.20085544962437296
-0.8676520652851057,-0.025316251423393332,0.6641773697877735,-0.030204982067827763,1.6922317515186684
-0.21997936785409672,0.6307108461454061,0.12847402463990232,-0.5208830606933073,0.8236862648648634
-0.2430756005369369,-0.32701935748229505,0.2865110205332208,-0.4676302089943182,0.46255517665486945
-1.0822578424310725,-0.3566019157966462,-0.569227778484817,-0.05317141465136527,-0.6293831697989221
0.954557040094707,1.2276075257615424,0.14960404584973575,1.2357093962320347,-0.25769734256857374
-0.122569390266144,-1.7661335741250679,-1.462673188175091,-0.777448712567424,0.8647434971814042
-0.047328336522449964,-0.898837758193208,0.19646214871526535,-1.2893306663163764,2.2641900517116973
0.39015340376516705,0.2767942828774123,-0.781561897783197,0.2289736985254942,0.9358867136088195
-1.1044599554623824,-0.7948379898605217,-0.9689265014735255,0.6462039466937716,-0.9527857972591672
-0.5116208003495549,0.9595956163361884,-1.8417101194463017,-0.5610272242207325,0.03149911665282225
-1.257664113525346,-1.6885564845484313,-0.058478943124279543,-0.5346467118119309,1.1818257903238156
-0.45057653470439496,0.3500709745965421,-0.6116807009447668,-0.26321150182568953,0.4389648544101707
-0.8804638026452685,-1.2312975696452526,0.5802462031582993,0.15627456845569634,-1.208086179684337
0.19961700386007705,-0.5074455666646274,1.4541296414446387,1.0467741048198385,-1.7002128432283679
0.22089445270781755,-0.25364647247535366,0.4520570651938812,0.013462524117800093,-0.7906148970340435
-0.14758583412285248,0.18507084595145595,0.046092452479700965,0.5004826194052178,-0.06212444460869812
0.4612624528756344,-0.11579183760058634,0.3112006434845766,1.1688677997905679,0.8097855766275427
0.24749489065844973,0.034679512787770685,0.6224008046939095,-0.7346876221762119,-2.5589351087321006
1.1134201962491088,0.09528172318652986,2.1888246003015257,1.0688156963392532,1.0573890181355827
1.507052168496795,0.6090573970351945,0.7616406661156956,0.23384251309074544,0.08352320626777307
0.6602382021815248,-0.4949141184711123,0.6765868779349294,-0.15136136377563886,0.48991665030531467
-1.0905269721071902,-0.2589115497928949,-1.0636731445983723,0.07800926272305525,-0.7047625001229327
0.8443220180953326,2.4849087374430527,0.3836417329195805,1.9543351061444147,0.272446370828735
1.3532914265126794,0.3947040628440145,-1.0859546001841154,0.3693662193715696,0.6388073770616245
-1.4426982798046826,-0.734926214015136,-0.8321093143269335,0.7944452061010319,0.9952329071344266
-1.459805883690684,-1.6372533319418268,0.07964052057451572,-0.26145485632183013,-1.1448232345405749
-1.1143208362020622,-0.2927729827913214,0.5967779077009907,0.23855549313874108,-0.5419639998711159
-0.6179050913105472,-0.04570985880126058,-1.2073453071431615,1.3433633394800937,0.11557956764100369
-0.23090219533003353,-1.5143500189423467,0.15245423916246076,3.071887832673835,-0.06836381756296697
-1.0373498925151274,-0.748138880411928,0.6033834221054334,0.02326251089753116,-2.093630228202577
-2.1415118324186704,0.05969828032334046,-1.93702062320034,0.4873951452398735,0.35838051528092774
-0.185621915609955,-1.3356201235236083,-0.50800087556689,0.04524996288903721,1.66311770085259
1.5735689152052006,0.5040916895018996,0.4214001964274943,-1.2435327045006095,0.4675128293591033
0.07318207535394305,-0.008005394138556443,0.974324545792749,-0.7330099254849209,0.1572878986418867
-0.5741449609994725,-0.6105542608968392,-0.7455867769437123,-0.2232545433642806,-0.4306371317164166
-0.7338613650466558,0.07644284352959452,-0.6529068784328618,-0.6143784935947969,0.706511474542997
1.9447721167302903,0.5015317465107718,0.8201110448319802,0.4248657399194542,-0.17344708577115242
-0.9345247198084381,-0.849127368086533,0.2463030904999082,-0.3639014431140493,-1.7391377100289034
0.03578912012299604,-0.7042034779359124,-0.11164026541133502,-0.9866516507613723,-0.40175076311330166
1.7913206755992503,0.35052909297128065,1.8365826012536275,-0.9549922567595238,-0.6101144024531456
0.20112986114832726,0.5772261839132655,-0.6352138816043325,0.08054471923290972,0.5510646164890584
1.396666449387554,-0.6166544003556274,0.7168687353437934,0.13514598272543465,-0.011995884599481949
0.25162056771778585,1.1174381858863938,0.272024647851782,2.3895654611880017,0.09472466236686555
0.8038199935701731,0.8563900463020852,-0.06198059180868523,0.2165647436992994,0.23745450071585605
0.45583548398351736,1.1263090049275428,-0.80028856362957,-0.039326201509426145,0.06628413038468438
-0.4421055925531245,0.012832909570367368,-1.5303817008224767,0.68253173903619,-2.0481137408608188
-2.4266222347394764,-1.1997368971159883,-1.127195908591568,-1.1745947256266793,-0.08107017780396007
0.8150482928276708,1.5795674792232282,1.3625565938139124,-0.7451071595311158,-3.582310553642935
0.14166408557043467,-1.268659387095823,1.8897141214211042,1.1581240667193946,1.1211639729329435
0.9801718496988443,1.5880296776299156,1.0179204989747652,0.16679596990113693,0.8000664320960197
0.1588350574390028,0.7733310801644058,-2.1153884917349575,-1.4615400018765725,0.33934469282457436
0.17774785070920873,0.49925592081633413,0.9606319596975698,-0.9102496348138085,-1.4130815452475813
-0.23272390494484965,-1.3701251186066528,0.43470026049431537,-0.2759528043126427,1.4590471461892272
-0.11968199766798343,1.0318006624418041,0.2818700948240297,-0.052827885651224815,0.48306662575148285
0.7682521356718759,1.4320961570905373,-1.5759635362221247,0.32418301791529214,-0.8702649933891848
-0.450757799136565,-1.1839712211324744,-0.2930204182442622,-0.8629033497831544,0.8838005604869477
-1.8025122653891597,-0.1609044453299906,0.8543234226691605,-0.49497856601633516,-0.9898750824001201
-1.3515122196316127,-0.9194811562720532,1.5564409528997658,-0.6979688650910876,2.4624050776897923
0.1569931421192544,0.35611784131600716,0.41287116208729796,0.5305157892193493,-0.47313838395065805
-0.9034542855504291,-0.2106597521968505,-1.6736723836790346,0.7288668976220942,-0.22154323103109141
-0.7784192605486461,-0.22765418759954761,-0.5252877872630204,0.39770020250469723,1.5705906656932143
-0.3373033142840874,-0.31110418657454997,0.5490479087762414,-0.15768409907178157,-0.13149716388389757
0.2269222770336674,0.656852203313439,-0.2707876226488099,-1.2198925922394066,0.9747127527350116
-0.3469558832842016,0.9198273217443187,-0.04993573226730674,0.8376457188262936,1.006362140293028
0.09089300640952958,1.0111627701696286,0.9822772486522012,0.7312093640507182,1.7775041987092308
-0.6950661170363044,-1.019171529412154,0.192579434761187,1.2732835708016006,0.87284852267799
-0.7697153861816721,-0.42469986095100376,1.6577254390024798,-1.3427148315401658,0.3827765721097783
0.3601997823140573,1.6774924713629353,-1.9957379324397015,-0.3759533838190497,-2.414480764221604
-0.7747555002287669,-1.6691741476756596,-1.1056947468359808,1.3302125229240753,0.37930681261586835
1.2463547666454549,0.7273177216360607,0.9760582571139538,2.1983752509457566,1.948399002715612
0.2170848412181102,-0.7816432144927823,-0.030936531583958538,-0.11062714563523898,0.5978306633029871
0.496326974321627,0.8147179390454061,0.2549095742765837,1.1053931162711585,1.8529167322042892
1.4690318377744758,0.637473353068083,0.1729642517053961,-1.9070183493409958,0.7488861821680964
0.7236512334149513,1.920639492482819,0.3855695737192813,-1.4564030395862824,0.021127663971886868
-0.413056919640048,-0.34110073706854505,0.007877374487351516,0.28969090633600236,-0.7508712755931416
-0.16694561938601457,0.48808705492229687,-0.3259101261883753,-0.4659000144205945,-0.3858011871950622
-0.808592097907087,-0.7284359829015545,-0.8545449265525416,1.4880135811063855,0.35831834025327103
0.2843732979387569,3.0879465354492432,-1.344362874142368,0.850849554370573,-1.5430907735814858
0.11155157387053138,-0.7187367693064914,-2.029569191477023,-0.6931801809859529,1.993033544005211
0.206122775027817,-0.15596328362715844,1.4107847438209067,-0.7518791859321362,-0.9414716737167299
0.3215864612030591,-0.9354461321849008,-0.01884385930465282,1.6648242156179915,-0.11963043163753598
2.958098019703524,2.7964075407811744,1.0266200037130868,-0.8012864932989203,0.0033183185976219136
0.8704993488774591,0.6483571163574009,1.178636015738636,-0.4349109396286554,1.2879171160935725
1.302154772696764,0.14639049700478213,0.48292972471934237,2.674122583039241,-0.2417539188259275
-0.09097420413468726,-1.4399459631068265,-0.7286022629354529,-0.756040086974877,-1.5164314433341057
-0.10179818966942329,-0.43393474435079266,-0.26349972710877534,-0.45317684427511407,0.8275885098134638
-0.10406322579377525,-1.3629127109862518,-0.6536478706698968,0.10484572842749279,0.6798174376328536
0.984805624121623,0.9120820175314135,1.4083295356404748,-0.8812660493120127,-0.11736960460949011
0.18354553479864844,-0.6876958740812561,-0.4180790679450569,1.0652908938051877,0.9696787975260842
-1.0448442678083159,-0.7152321566824879,-0.08172434548877519,0.1469695859441858,1.732500325274565
0.13526583103372006,-0.346339942364225,0.00667445591047499,-0.5153955784994723,0.9100198511111287
0.04571806654724753,-0.4541012160600014,0.7641399774026743,-1.2207785670770892,1.1185337689346886
2.20032096553899,0.18669773788127286,0.3719729298941602,-0.21080688380649226,0.9100745744371954
2.2485883731449454,1.0425850422659129,0.45137488200627107,-0.1431577343008248,-0.16930953691883419
1.4934822458606754,-0.6467969960917963,-0.37722250276376734,-0.4650526156953477,-1.3228343771210538
-1.2823349351375504,-0.7653310659158494,1.1459366498566537,0.8829120896423622,-1.3627908293557753
-0.25355256364826545,-0.048059130122521776,0.19345872859305904,-0.2919738527587182,-1.5596846929834616
-0.8275161211312902,-0.6929809107101956,0.5326875629551895,0.345555646802547,0.2175473911833448
0.7359775859965361,0.821426381188433,-1.3526288916009497,0.007953016338622512,0.41860666598737145
0.5582917181949197,-0.6591011659623951,0.9112316289158098,0.7340563562801515,0.008264589373123507
-1.156326602327194,0.18332248590681888,-1.8394017149224051,1.9737269630015823,-1.6474909469686547
1.440460885888637,0.027515271552882303,0.5449494078649145,0.1538958097477175,0.3218820797570551
1.3968265873616428,-0.26050027449595003,0.732394465425118,0.4538654245547572,1.077268031366404
0.38341025166860554,1.301118005460275,-0.7731299909358442,-0.247911715762964,1.112028665772332
-0.7418773356580336,1.5414304135253256,-2.4712156070563926,0.48616836456423257,0.7411380544995809
-0.5096665566477604,-0.993600063851151,0.21548535701407576,-0.5608783106366949,-0.6592364688547153
-0.050822121035064186,1.0356771912170197,0.014053544207921459,1.6794436033529054,-1.0782878667114293
-1.1862154887966658,-0.5250752253308654,-0.5623846855142496,0.45404754371676204,0.19291932680601376
0.6791574458959897,0.38490545704036805,0.9516230329113948,-0.031882327966131926,-1.1360944897436616
0.02021837050104991,0.636793837179367,0.37374159961956965,1.0160072914194163,1.89454573415858
0.1372325737684554,-0.28284050496845725,0.7972009972101853,0.7660315218381198,0.08878295576376974
-1.692083313400216,-0.5778496868192223,-1.764966583451619,0.6742185997191302,-0.5196375282214685
-0.16802538364224295,-2.107445333112354,-0.12767516554485198,-0.31134892646489,-0.22829359156781992
1.6333814032525622,1.6257279763521824,0.27228131271646694,-0.7622840898806362,-1.0241405894642948
-0.7570606391698788,-1.091999177326288,0.85995874041670906,-0.16327072507474502,-1.1928876219826785
-1.101537928209022,-0.4968065043771316,0.532444318193797,-1.3687453018414748,0.9444299291717894
-0.2807605842933631,0.36182949204940107,-1.320526650608255,-0.18675277295818307,1.8278995778436664
0.7830349252070945,2.046495567681922,-0.5659828121578764,-0.7335929450102144,-0.6691753879528946
-0.4412577101384516,1.4778606237118928,0.46067123082124456,0.39406814014465963,-0.49662460071586145
-0.3380005659962361,-0.42856398841762056,-1.0775313486745193,0.7508208822034335,-0.5811027632315838
0.6176670626061032,1.5284741683764187,-0.5577981606405321,-1.5455467225888724,-1.1703929366774986
-2.254188298201081,-0.7134311502892867,-1.220908449673016,-1.3410451361019553,0.6612017805560674
-0.11183257822012764,0.9659892357722741,-1.7051569874374064,0.21658708987454528,0.5728665726865418
1.1516966369701274,-0.24479980734682272,-0.3604298495216097,0.5831611890364746,-0.010237883033985637
-1.7982593580879906,-1.2704792591827268,-0.039987542756054234,-0.050012406938312354,-0.9293706126730651
-0.02796917709150626,1.7397149807694037,-0.4998175550923516,-1.3658129782674113,0.030544085364448748
-0.38487565736357054,0.5683838161822258,0.5725102274930396,0.7433314023393927,0.6520112748205954
0.27888315950252385,0.7972551652622494,-1.3637536232035472,0.6852027285541926,1.2544795164065699
0.5891988182937848,-0.5562395072932563,1.4128119666109118,-0.7258808992728374,0.5858888097011329
-0.3274359679190093,-0.11854454117522539,-0.6651026368815196,-1.1349630158719495,1.5813658598401403
1.072911023772016,0.15561431308468388,3.390640586603933,2.677748137865912,-1.347040317350445
-0.23649517284032884,0.20206684830449356,-0.005052943886394172,1.6488256783684532,0.8131583268018485
-0.13111392739667105,0.4703709128485191,-0.5060348208701599,0.17329460677222347,0.4080101890846563
0.13105464177336948,-0.6774894439565847,0.08795214147969313,0.10605193234727406,0.07774123205323798
1.6574308952278836,1.1493457012681636,-0.37627426276868836,-1.2626625167295356,0.8328018230604427
-1.5818013436887985,0.9040983124974695,0.2973095058646014,0.8107177797599546,0.5820133003359458
0.7924051057748651,0.24145696688409893,0.8161697834638405,1.3602730643185659,-0.9280427494153082
-1.2610618797403368,0.24930596714344735,-0.7867715588321915,1.114629150833763,-1.4419953256942755
-1.001547812099353,-0.8462509622573238,-0.5984614667834691,-0.8269059567145833,-0.5823600265394193
0.16691230848177258,-0.31415144574711074,-0.9057172762311516,1.2587241028683616,-0.18249405627541143
-1.0330129328964217,0.4355875919598875,-0.14608993624029176,-1.532301574364317,0.9830113432122128
-0.8822703824383492,0.40577866790606576,-0.8767305878945001,-0.43324087031205544,-0.3382650428012716
-0.5931189533942388,-1.9128049930343636,-0.04658970555699904,0.05912992878356159,-1.6040970162576351
0.0031738541631805006,-0.694203621677457,-1.5373095296643275,-1.226327375459007,-1.2508222396130626
1.2167292227145596,1.5286717397842957,0.014552430614323281,-0.39023233260120066,-1.1470904642901407
-0.6801543829069728,0.4795439826230662,-0.9347187794186036,0.897868450629425,-0.2373521075403757
-0.014846865900385198,-0.8566661993937923,-2.3756592673787162,-0.3910732064682316,0.5472702094605413
0.40701392155375277,0.36094826482745657,-1.6612568377139176,0.8198829905940157,-0.728983728939271
1.0269117137002075,0.5095919538984675,0.04102953933865605,0.4765100329019402,-1.179357608273435
0.7035700704632046,-1.855273896193629,1.4702688377346274,1.094024851653902,0.09477352799046578
-0.18435660422431696,0.01129533012113576,1.3171701050331173,0.8339145216432524,-0.7349567322712064
-1.5551735828031892,-0.030969134729717407,0.09020664800252903,0.2275157330221355,-0.6838636595684092
-0.06440207311139073,-0.10848895173812408,-0.1392147931521527,-0.2686416993098807,-1.0613627557521041
-0.06743034757026611,-0.4352384727654478,-0.6242269983788914,0.3250161249592206,-0.05725759227271888
-1.6457085749738825,-0.02024660703099853,-1.8551540773269526,1.6259321954612174,-0.17508329999706576
1.9781876219923673,1.5806424595313537,2.1553380845366354,-3.423331701752509,0.20369147095677442
-0.1031944439728833,-1.190511865430973,-0.0723941625665532,0.14718431890301018,0.9232840594740792
-1.492390298518235,-0.04961721059548213,-0.4248366960561025,1.1614578604005148,-1.3025364443675158
2.474203636998712,3.973876515312431,-1.3264606150028464,-1.5106338608393048,-0.8514129937264915
-0.04141423800147359,0.23531976821377326,1.8846771852077382,-0.25451956355093647,0.1878330227920253
0.6748197863558945,1.0054997069373852,-0.20374780824512528,-0.06060597873753525,0.5972436888914509
-1.5456870194163996,-1.842709520052987,-1.310332476759782,-1.3250083072134302,0.32247008343728134
-0.07077203249926756,0.9293580725527611,-0.06639337645777502,0.5287501497756771,-0.5899819807213432
0.14890763834131093,0.5842345561615861,2.2604664013376623,0.3725298715080533,1.5802522695523775
0.952097704504032,-0.0463304090889029,-0.26382000223040936,-1.1224952014741318,-1.0485685337608248
1.407576421649432,1.143408914691086,1.0117501110313405,-0.976958009175928,1.5674569487420156
1.186370885025069,0.7046585674663388,2.5672667473294872,0.7321450322185551,-0.9107608230197374
1.2550194528128427,0.19776020600970878,0.1935870902324676,-1.984544181750187,0.5108507183754767
1.09957798436174,0.5613434418703788,-0.247045209047709,-0.6924809809744832,-0.9411222618353603
-0.5336741723562907,-0.2296598120083285,-0.8859505044725111,-1.0218977910535139,-2.579902189840523
-1.7710899345706148,-2.2206134121738783,-0.9181274109687098,-0.6036473050407147,0.31106911380908453
1.1868457826045846,-0.3919065074221423,-0.6769888105042707,-0.6744247502613523,2.0335029069559813
0.14309536887675114,0.05542280864682167,-0.7288986370736835,-0.056553559068072815,0.5020702761870153
1.5030651436891038,-0.7627812974455502,0.440539286291998,0.2648309027817407,0.8988852729243153
-0.35115281413428345,-0.13738623114693235,-0.9982029955026803,-0.5770971045222024,0.7245361944541259
-0.10964540812577134,-0.4529439004555103,0.4477736113232589,0.0025599335575773913,-0.33675621607875705
1.4199164757474758,0.7745103851886653,0.019225271955151446,-1.0580700332643775,-0.8958143670773286
0.01197967034847558,-2.108477480117551,-0.2802470316213539,0.05254640808393235,0.32197506482665816
-0.9518103430132433,1.4439012770911885,0.22182905506543205,-0.10712236600419306,-1.3623469710140412
0.5188745399461734,1.32029949809937,-0.293685251249314,-1.211346870659735,-0.7315274697678008
-0.7730239838158935,-1.6647449628001734,0.8744161489577528,0.40320700567126183,0.6798588393126311
-0.38256957603640873,-2.0239625206323266,-1.6697819906750122,-0.30889381695815704,-1.731134236660414
1.2281183022953785,1.550834320918217,0.9514135943685347,0.6790888117411833,-0.567486192787698
-0.24555163609313907,-0.5241616771393134,-0.07215117155455796,-0.12042505155787839,-0.17404451931463716
1.3702138596828461,1.4005174366535507,-0.027508236273416684,-0.11132019326861414,-0.05177027067029751
-0.9328647522628031,-0.3565163380779689,0.06150145982057781,0.7562639708285989,-0.25591069767662195
-0.2410320749248529,-1.1658946641097447,1.4342295315793523,2.4734968859856963,-1.6727574587569776
-0.06934694784554682,-1.1011000208179915,1.5218929910110357,-0.4570796783740618,1.232854440376081
-0.20559394789064062,0.5668924410204292,1.688206850807286,1.279912135775657,1.4409767867528571
0.34795187391390914,1.1621220373090226,-1.2454150158636315,0.661804982290079,2.35460420556858
-0.9645876535517032,0.1789979444945652,1.7805393478477585,-0.1927856344869261,0.020148469340880493
1.5528908607257645,0.07341463745487886,0.9132587288228438,0.6441219193622302,-0.6098445793510977
0.01865201478816489,-0.9263917293827006,1.657635850081253,-0.13244013502515806,1.1300647206549814
-0.7231103210666071,0.09713405500104577,0.8351203309112583,0.9272626839508104,-0.5777159080214606
-1.456690084676093,-1.1801902169095215,0.9420325333433313,-1.1398453565343205,0.1225560299928376
-0.8737571016629619,-0.6053721424468379,0.9610947142918852,-0.11408760749643077,-1.7321294892865018
-0.1552642426386508,-1.765852846396741,-2.2115766044720377,0.9287848405816141,0.3642039565694889
-0.33457620468345206,-1.7630040197858334,-0.07412816104754416,0.19084445399542502,-0.633378864448981
0.48083568289146705,-0.7737024164104274,0.04774798032810218,1.1570337127258405,1.3591463425272456
-0.1943398104891867,-1.9993597089275927,0.12737328831868666,-1.0819554735678052,-1.285652628468793
-0.3506089195348687,0.18050486309158337,-0.8131723475728446,-0.654470849227226,1.2292991890988745
2.4175045029533617,2.2278090480965282,1.3587635889512604,-1.3974676291172308,-0.3478184765972516
0.33909008848120736,0.4512741746116844,0.01801233315200043,1.626338835564491,-1.6360824089321562
1.6653873082103123,0.8442560629451752,-1.1324382205897816,-0.9601904072424852,-0.5915756692707617
0.3927658438603841,0.31279082031799665,0.7796080793565603,0.35069921016029787,-0.39510015115082825
1.3302414115853232,0.16510377313158617,1.0239150964540884,-1.0135471518762604,0.02945564099072311
-0.3572544016128316,1.0295882107831957,1.1663330388904334,-0.8328393475757727,-0.6592549703340617
1.399262322510884,-0.2789121233185326,0.2060550452570014,-0.6707919105075935,1.2799153248461124
0.19730635637966132,1.7586001626229688,-0.5327063749268075,-0.6482468740454052,-1.3642088269992656
-2.439009313463567,-2.917880139622961,-1.3477033185335419,-0.46736068417892795,0.7208619525290527
0.00553678349604092,-0.5206032619338481,-2.1359821359547415,-1.4017401592416991,1.464099779732808
1.5893458341823192,0.06353218964767948,0.0649841020265457,-0.13831852842376996,-1.114968645878216
-0.27949326934348345,-0.4822315162689643,-0.6056181254664557,0.054534163224360194,-0.5117418614931095
-0.9130562496281482,-1.6699081264880022,0.5893146195971943,-0.6507156432814565,0.11616894523787634
-1.0964834408153417,0.2747410569539529,0.3965139370918535,-0.8235197295786455,0.2650747246955768
-0.38396830001972326,-0.04165871862048576,1.4294885581087309,0.10871606511296317,-1.6187686668012018
0.8669003000168793,1.327650200553047,-0.2878923094124114,0.487872511427943,1.0893155203254985
1.6272974028262714,2.1472589979695282,2.3445288764436714,-0.286515798389234,-0.7581646558921037
-0.8809642995877587,-1.205585080748711,-1.2572317585309467,0.8850828540268033,0.3880096029691668
0.9289177931371179,2.2082777865170207,-0.22943964763954994,0.4348394424862242,-1.0639013801975339
1.9566242514645826,0.9495925435855593,-0.3451867802340479,0.43426035734078827,0.1538019278286682
-0.4752645734276381,-0.584830209006341,-1.2181624647324596,0.18206725771683116,0.014688386062503077
-1.421573769672152,0.16315271510049587,-0.7991243832005167,2.343791404634461,-0.5804010636201755
-0.37198538655415175,-1.0248040171762707,0.03490485332811519,1.0915146161504024,-0.7750606814736032
-0.3021057427217779,-0.09341072069800072,2.321809813184672,-0.33118442204675014,-0.440261097383471
-0.04131865251840672,-1.4047856642460836,0.9392509666177458,-0.22267229787786047,-0.5690579236925417
-0.58230891520525,0.10543451320584635,-1.1946947757776425,-1.364014476705819,0.007169689227643182
-1.0999754454410782,-1.1114723388722958,-2.686917248984991,-1.0531978264970285,0.0754156361554155
-0.8871524444065259,-0.0503065268346391,0.14089418874672904,-1.3455453078241368,1.2707013166731276
2.2495192833777264,0.4236286823086609,1.2629223726129744,1.3690171139582288,-0.5099653852064292
0.004586481034157597,-0.17407615849544406,1.0136981170469874,-1.9276780610975528,1.5232768911581085
-0.2579035616622374,0.5926824174221527,-1.6807569391470478,0.05367174251119734,0.8189971746298452
-0.677808651788485,-0.38040585601946497,0.1691647433824512,0.8848063268339095,0.27339362106918197
-1.8718654727717556,-0.3567860876735551,-1.1670585702146128,0.6364453639520855,-2.0169406597989616
-0.3779604790638762,-0.5140694257288414,1.1246991655757967,0.715303957550238,1.6268673153265736
2.574743377707537,1.3548196435841409,0.6763614256601265,-1.3832884363272202,0.8173190308618872
-0.31511367633327464,0.3251033319555502,-1.4487027650187272,-0.5249987372347547,0.48286794772738156
-0.6739592236990556,0.4876400929894386,1.274695930532804,1.7476702964236723,-0.35295282286475044
1.1823675144989207,1.1210992201318137,1.9119319561420047,2.534725867142809,1.3202818970472887
0.16309670310579422,-0.36566610917979053,1.443169698984725,-1.2326282832736641,0.02520080972061256
-0.5241749290426965,-1.4272887342748137,-0.1144393591954243,-0.5371706666346685,0.07496084663502414
-0.640355395560436,0.6994856394422747,-1.4640905325810913,0.045603543386704776,0.7821487181630875
-0.8129045049714851,-0.11324677696433266,0.06863995479707324,-1.016951995514382,0.1593566204754932
-0.4297897378138919,-0.30701186641230516,-1.1071219892276911,-0.011012282016994432,-0.5794645697009787
0.7500602708433489,0.9072765962551426,-0.6974427176072941,-1.3634805084147472,0.9302630859533655
0.6494876097536131,1.5788106868246956,-0.41044190746575965,0.06630483699596816,0.6475310049956662
-0.622075822458052,-1.874786459009726,0.4397594726689138,-0.5323524405129203,0.2202516736643823
0.570815308979513,0.3018752402205849,0.015698743227202924,-0.35821687147749315,0.7274478781701205
-1.9467840137478443,-0.8242073112717343,-0.33039575056761084,1.6522023040373592,0.911241372107103
1.664573528651704,2.3119438255392617,0.4547946289241386,-1.5356717624430287,0.3358050241031099
0.48524763726075626,-1.0998137581831,-0.0033075093555047785,0.45021279843724904,0.39978185410027706
-0.18443614323115853,0.24670843928408492,-0.7346361624502679,-0.8800963379913969,-1.1741548945706275
1.4254562567197537,1.9662841201795678,-0.49055899413022425,-0.03399179630382114,2.037768493787546
0.42007868010813676,1.7814432479197857,0.8084619092834671,-1.0259787273989325,-0.39918055120904244
0.28427243503655253,7.398281567848608e-4,1.4879780017281796,-0.6157288388766106,-0.14958959559931984
-1.9451405797126224,-0.7042449910673154,-1.7560979383277069,0.5235102092992265,0.938320225359851
-0.5224100148150881,-0.24750122788682816,0.11375904955400921,-0.9443463371202407,0.9464704647511964
-0.9285878007988396,0.017232926779985613,0.3748531528431518,0.11363140966055837,-0.4776103120007616
-0.6418644764252929,1.5236348790945664,1.0346880594102126,0.09102738977522606,-0.5525609159284389
-0.021846941151327237,-0.1897103822532778,-1.5034493004899032,1.935366967766895,0.5363057152960253
-1.2386609626416578,0.08835127724354863,-0.9945133172023753,-0.9125749647914985,1.306823481251272
-1.9520086873932685,-0.6872235807287559,0.47538777429379286,-0.054305472476557926,0.24087777815962713
-0.4847553863928293,-1.2694692823145954,-1.3568906791778799,-0.35944841965626706,2.309268124092206
0.3499456115894406,0.9032309549894102,-0.05525017133270439,0.026395954388749206,0.4754976262525179
1.0172513229431392,-0.058211729353071395,0.2828708212791159,-0.5750880856222373,-1.35872684634856
-0.11185481389509339,0.7932584404727732,-2.3675010623590977,0.42874198830093946,0.1777346455891482
0.5571746057950624,0.5159307366533883,1.4129156428182397,-0.2825689164261714,0.31399332196328333
-2.030288208595005,-1.1327727141983293,0.9631124448109886,-0.6643229211096318,0.8428725552522944
-0.2331346818772373,-0.7450925693486213,0.7983498192770339,0.2969221298256247,1.1613954796754795
1.149754517008199,1.417706430554691,1.7037109208482835,0.42853271333104737,-1.2247809120001063
-1.0385535363055083,-0.8831471146311635,-2.6897468138378717,0.42883877191470743,-0.5462980771812247
-1.1109022940007691,-0.10822473290521906,-0.17654319748498348,-0.6839897124000506,-1.153976263860956
0.22398748259604118,-0.8972747324872192,-0.06905757916282079,0.5504607065457728,1.4383486224688697
-0.38447302155803814,0.8278413233319282,-0.10976379372886033,0.37708878671011653,0.12664803899805405
-0.4929250150795764,0.6969674582775361,-2.1637702830486965,0.7423442897063735,-0.29008387590948626
-1.1216606606901305,-2.213448426432898,0.5746957113933561,1.2688514785556833,-2.0984861795077077
-0.8043229539879886,-0.7245930502413443,1.3370533146904615,1.5459448814149042,-0.6364050344222711
0.005207166554309861,0.05379442819619995,-0.5991261391861801,1.175371687869981,0.07520239228435531
-1.955439416780766,-0.6168992825703037,-0.1934969294426167,-0.37900796579909746,-0.06888177113224375
-1.106581511929487,-1.2507670995774351,1.427260134223839,1.040201642181311,-0.0976096066664986
-2.5018696220053682,-0.7715620382130174,0.4894477828410624,1.5472007129786667,1.79024559310432
0.394988240619603,-0.8149935364375123,-1.3667471477958422,0.0657945897673394,0.5621183415824619
-0.414797998244192,0.19238824494551887,-0.6770081589229265,0.5976229506064684,-0.5688145784921765
-1.1660409072275084,-0.3231256254178476,-1.0395641914985405,0.5759569867483629,0.5273955926956728
0.45997183016601645,-0.4112593072471197,-0.6986601968857958,0.17314324238129009,0.6339295375161104
0.6174853824307074,-0.3808047560146822,0.84078785883863,-0.5527690693370637,0.7085509321169674
0.5207074580678248,1.7785956819966258,7.398129327700897e-4,-0.0863619232940789,1.0351872593561329
-0.11637789978501234,1.315887610119324,0.3863765767537056,0.30994177482124485,0.3730632804277469
-0.310391717166242,0.17342096781408944,-0.09320136243134672,0.9130931258791473,-0.5517696715680547
-0.5729560103209297,-0.7260159629652366,1.2357105816646616,-0.5485670526592958,-0.5763911823283269
0.1803444582580439,-1.2676383231743589,1.3506378294356023,-0.5774672001064873,0.6129253741476397
-0.8455446028022093,-0.6667286310249909,0.8520172222110798,0.7360283913897094,0.8227737636901615
-0.7159870469442107,-0.31302181444107446,-1.372593199658591,0.5697016952680518,-0.7809909767567679
0.3376365196233499,0.46425265977700625,1.1191109719037848,-0.8716785930828281,0.4357025481966632
0.5823023451759546,-0.5143496265304974,0.49883741355957034,0.3897932542390144,1.8697675111771959
0.18228979430084036,1.169564035737946,0.6652854343087128,0.5261057249747342,-1.0039942047977237
0.4594753741966179,-0.44770473722648496,1.8745936607263163,0.14047299121599177,2.3405778396214774
0.37652174740067323,2.255678538929162,0.1975226254123012,0.0850415717814009,-0.6153177875001437
0.16043516745142528,-0.162200197686801,-1.046822596051598,0.9479689562761092,0.4596490361106221
2.6489012421975557,0.6547403130480074,0.8902759776719944,-1.4391762829375745,2.4147934808002973
1.001243269631408,-0.4071092204892365,0.8196541963941804,-0.8813340625218395,0.3264034362966941
0.6927608066307835,0.8211341801079101,0.9198154422428046,0.5675547344653326,-0.3743432827097008
1.7713148926258464,1.1422815251260279,0.5913707370472397,-1.3670973900592556,1.226285145121057
-0.766926869136981,0.7497068029079221,-0.8431421817044302,0.0045365575858113405,0.36005208553472406
-0.2907752398786368,0.07962648787132592,0.9269010217563494,-1.624102609860961,-0.014519426014486372
0.29507483844089577,1.935830338857814,-1.631031955520819,0.15499619927322408,0.34323222970373174
0.3292201848219967,1.763545946140023,-0.6418588905712808,0.45305992193991845,0.3055399664167673
-0.3553097256328604,-0.6119768392280733,1.0003918163511696,1.1118996430191537,-0.6841988874239175
-1.5063597612478004,-0.8897380334191292,-0.3307644518145864,-0.2843884787206993,2.5562604008739904
1.6712446429098793,1.8014945100665438,1.7269940161128485,1.5133500530580988,0.2508761160809751
-0.18780295620919651,-0.6702096056030313,0.3352830288806018,1.5746100624229833,-0.9758159234644496
-0.10497120273161681,-0.15722147237270223,-1.1032841540158154,-1.7517434009661554,-0.8868556075766864
0.48443285435416883,0.036068887429562733,0.9848332671258818,0.5313508471165381,0.49911285420935025
1.2649666083001823,1.6824215937107274,-0.5388346569609607,-0.9175065538196391,-0.2615484509007084
-0.08403383676768206,-0.6333878301063303,-0.03330418220660053,1.9130233173365068,0.7636547510027643
-1.1511706565394926,-0.3574369093865255,-0.07877196631667836,2.10476898950223,-0.20663885143767366
0.10455052108958196,-0.7135740246673268,-0.5572443910953309,-0.931060629780651,0.4352921652590524
-0.15794704810038473,-0.9973201310610604,-0.874958676874166,0.18721491405475138,1.4641700831192026
0.5247710652079776,0.8328798561115514,-0.7585137448200684,-0.8670049173331168,2.863520707828165
-0.5051552664869465,-1.3404937319759247,-0.6097608556213368,1.5830658297430478,1.7727961231870286
0.7039976903613251,0.46785301102165877,0.4644498545405898,1.9450933560148802,1.0914067634683158
-1.5364211936385286,-0.14641911022968152,-1.8702977215876002,-1.413725221203701,-0.5626614946919394
-0.47696254676838296,-0.5971890337689233,-0.5238355546033667,-0.7080245421757408,0.174619906955958
-0.4397630134921062,0.29652782098831343,1.7866415182475683,-0.5552119262816858,0.36235908341707873
-2.5083941175302154,-0.11693618436436148,0.8433956640711602,-0.19165376205207743,-0.7997444600653025
-0.30473276043059777,-0.8236242309021402,-0.7217136408379365,0.6645917374980861,0.28561973532497487
-0.44111954777028445,0.5867272170762978,0.046763911760847515,0.4697370439620894,-0.6946903183942424
1.2900130507732817,-0.3578438205832413,0.45802468159532195,0.47703619162784217,1.0411623012123987
-0.5133483957927379,0.11983970875819842,-1.4989950042053988,-1.3473938250510338,0.377784468228017
0.35393479324852034,-0.30643134420116075,0.1912292525324999,0.18668751884347812,0.0079696102850665
-0.1636308303828616,0.29371951138169444,1.04659118087812,1.3994288415700964,-0.605031758515958
0.1247037845902921,-0.026085040382749114,-0.30445215679889237,-0.39648450988483736,0.512314628200285
0.3592943705858517,0.9107183049107944,-0.6202057439906357,-2.03264856257899,-1.0699834139294253
-0.13471121957068918,-0.7864431746884156,0.10936646849144509,-1.3290748334756939,0.09606720016591284
1.1644560783593787,-0.6749683012707125,-0.129008807930515,-0.2995094261662957,0.3175313332257293
0.27436675862056414,-0.7419463854498622,0.3820277020626611,0.508565415818027,-0.35381572673216805
0.23326748150734578,1.0415713572862826,0.9954127618214005,0.37952110727701216,1.3798956768801722
0.037313506826275634,0.32407447636701675,-0.5221692095826326,0.013323443946616928,0.44431812798155695
0.450220780137201,1.031402764671615,-0.36338235474798153,1.4997265565111793,-0.7810029976085613
-0.12340172293477109,-0.4241239307132095,1.4603055795334643,0.5322370144570451,0.8349315613022785
-0.6244855529836657,-0.9417755685614404,-0.8383103445876627,0.2680050060297674,1.1968978596441517
-0.3065453289716301,-0.884428779737465,-0.6371588361854368,1.2016971149005082,-0.7791728080935271
0.04990314672560692,0.6014044273704247,0.053464272971900706,-3.436940680342121,0.10899586913231044
-0.09726368591909312,-1.1449845006391324,0.9189790789073314,-1.968761581969512,0.9952527613303744
-0.25415862602768785,-0.0855113666969678,1.8982426733777409,-0.8441692703225447,-0.6748663154592384
-0.8793989277604466,-0.802281442254228,-1.2122468779020275,0.3936475138985038,-0.18755917415269313
-1.7320554615967887,0.26873163431370595,-0.7267602520794026,1.4992486600755532,-0.03516632509306063
-1.3959867888918094,-2.962476381244924,0.7170644583109136,1.5541723904950124,1.2851220977579654
-0.9936300038704571,0.3192564734226811,-0.6469794896054568,-0.9069967736338762,0.39345271889147826
0.7524836359126771,0.17593780915998714,-1.1170260440700506,-0.4204101415340805,0.08420219168398964
-1.3027790726535349,1.3374908270161003,-1.8125398831549993,-0.6974185056605712,0.6763576465848694
0.1965386329362589,-0.8677378420308356,1.3361791216951107,-0.774443945177042,1.1468789873816267
-1.0245193462947346,-0.9470477070378649,1.550889382271012,-0.2146567594360622,0.38703563420010084
0.40643769140654856,-1.5340958045760515,-0.1661473187861719,-0.08036757935843405,0.9116950461064698
0.8526456797368911,-0.7341246405191251,0.15204644128042477,-0.4926246668300455,1.2796666392320524
0.8922856757995647,0.8204115164805711,1.220518182766722,-0.8857293127173134,-0.98222269002189
1.606041040575752,0.6252366013504134,-0.1503872822423587,-1.464031264634427,0.8202287402934523
-1.3899464065738862,0.6915533511976547,-0.66010243600838,0.13573761701313056,-1.114238044782897
0.5341864725158917,2.452250748112478,-1.2855801343510027,-1.2146661345338123,-0.7349159513490623
1.3344461162996317,-0.22135133305642296,2.8337210557693915,-1.1621739505054998,-1.8230259481707622
-1.0490587630638297,-1.0306183128410193,-0.7190837251537604,-0.8966284886072764,0.29169154152758026
0.6192744284582065,-1.2941321354230881,0.4434749342728301,0.2660609517212582,0.2438266078380524
2.123177159861527,2.1795270962763746,0.8598587981920299,-0.42421975959435665,0.2659281709241681
2.00185000945241,1.3257178782522279,-0.9132710776878664,1.3596111466907972,-0.6843478198778842
-1.0802134680560744,-0.8066565617850999,-0.44399482780166316,-0.16203718469017928,-0.19353467568209073
-0.6355893750982701,-0.7109695731375687,-0.7581393510569493,0.32954898071268873,0.28791219238548155
-0.005341057644933589,-0.6350629897205716,0.29800962575234874,0.8537928775749978,-0.6105086985078588
0.3401949886816181,0.16576764594686608,0.04320944740438731,0.7326565763161043,0.5147816573305523
-1.19315137913941,0.9519949864603052,-0.5231234531472734,0.7608227836281172,-0.0650173697339231
0.2165887251451739,-1.129954809037409,-0.9333354319510329,0.4427836388301253,-0.9770152017490128
-1.2028797972876704,0.7963361271714292,-0.9762763926694173,0.715969934423161,-1.119756862983053
0.822281542434212,-0.8513873331385009,1.292115473082699,-0.7305352389018992,-0.17943796209399265
0.8258766946991758,-0.9695298959234485,0.9608135186539468,-1.0484782315393606,-0.8196088254044932
-0.6963265530808823,-0.7492282680774223,-0.2875966677256593,0.9548998329558739,-1.9278394421680758
0.42661168416125483,0.1001739032808228,0.7103714680608059,-0.3870187300864015,-1.2937710432820788
0.8750464497060928,0.23993343707538775,0.738360520930439,-0.2989023390795969,0.6121707672459614
-0.6003038703640691,-0.20174473473200538,0.8360576534128381,0.2982070257908399,-0.8504688713686468
-0.13598574610548325,1.5038082807112463,-1.353773645241651,0.5927309515962421,-1.6146291874670355
0.4551223785306545,0.06865812196314258,-0.620240208954559,1.5517902565207582,-1.082668812338869
2.014613803928806,1.4797420376405848,0.014668563472644558,0.5863864703628388,1.1852162242939392
-1.4555375417624403,-0.5657433510500864,-0.9444706542677068,1.3930064524197068,0.46713925704712844
1.4029397282790474,1.1928197912501848,0.2148067503547738,-0.5480291110552201,-1.2885652457970405
1.467332672554473,-0.9146780192782653,0.7356345448165885,-1.0972805788425513,0.14351398501534324
0.6775524998511717,0.09924227364371685,0.9101958815630196,-0.6629555031120474,-0.1712431575704194
-1.352737405699068,0.39794345072148996,-0.3564703794578794,0.042673501993494234,-1.0611710790212618
-1.1245464280062356,-0.7613286884863242,-0.233513172432556,-1.1700395861417174,-0.07573886048650114
0.6864867096584858,-0.8606788061987846,2.6999758035093966,0.34410871602137316,-1.569498900191503
0.767673746973122,-0.9856007858235811,-0.1291624327278303,-0.0728716915410243,0.9832638692421838
0.5139121152011665,-0.07753519196156192,-0.11607141996073932,-1.7838231491601704,-0.18795024257151832
-0.3238840371522663,-0.3057894672166233,0.314643921697178,0.423549636272709,-1.2811576926254817
0.16617591285883737,1.2474983880561,-0.28862676990534064,0.4553951917287128,-0.3418887783162382
1.4464406489610573,-0.6828097171960381,1.074943063962122,-1.5562822490395438,-1.1643817140750672
1.6615054859251859,1.5306425213315482,-0.47576649884249855,-0.9074089768669646,1.9567981411322979
-1.9489648052661492,-1.7346809960797729,0.2261162187522838,0.47914194202146865,-0.9355099412779986
-1.7989313788105104,1.2117293908130677,-2.6937750203306705,0.881250105554898,-2.02778345892799
-0.47554048813959937,0.7595916514636172,-0.1382124911858102,0.12315777946346662,1.330203555746145
1.2898958655762767,0.8715443328832871,-0.7910756554160316,-0.13641267987692893,1.081550045625304
0.7338756175934957,2.0449913670656588,0.13942606595090656,-0.0029769360935773814,-0.5482057187576357
1.780767931484226,0.9800874923409786,1.1681645420312559,-0.3499143237614919,-0.8805981043888634
1.1465818972035544,-0.3021025058323306,0.5247187502844235,-0.015626900887164424,0.06467730665575827
-1.48553113383693,-0.7536534468506566,-0.2895906184625808,0.31181197898040935,2.0859140599839807
-2.3719702094947417,-0.9281423555060317,-1.6125761318580814,-0.34310360568924947,-0.8913202383019128
0.1702321672930705,-0.7169983088646678,-0.05738251061611549,1.7817845892696673,0.8567821878551586
-0.15138750717838267,-0.23559674664204838,-0.27163280214192526,0.5479321796477239,1.1505935144425823
0.49454708114698076,0.25422285076034684,0.2739443375337515,-0.2112413617393891,2.008480141132373
-0.8692493378313176,0.501969661355854,-0.10905335737578387,-0.7003156163641541,0.3033342229890233
-1.4731829838644341,-0.6507116217629613,0.5578701582554234,1.2683717065437459,0.15427705850712659
0.15809603472724937,1.1771928681402462,0.15165039766557847,0.25462989217222287,0.39320308692699424
-0.7717992871288573,0.4067124995035821,-0.020478048119660697,0.09527519503982612,-1.1336669918167068
-0.8881448171260945,-1.6244877556757222,-1.1766034672401262,-0.20098429405104232,-2.804598142503409
0.8109925774095488,0.48156936231313724,-1.0489843008842812,-2.7590082224440837,-0.3313631008962545
-1.1588742644182908,-0.7821681380807686,-2.9418739308511497,1.2105056954982651,0.6136145945818727
-0.6749457843593967,1.290323839877512,-0.27842699180248626,1.7936217912640413,-0.15539449153239854
0.3700620817573498,2.0077601944882915,-0.2195760775381056,-1.491593737245284,1.81143322222018
-1.5635905661277758,-1.4844545536964642,-1.3492994722038933,2.8496168354882894,0.38944994877111594
-0.5676956429609019,0.19474216223156995,-1.7609870926188822,-1.2984580390214042,-1.6436480374043738
-0.7866820542124525,-0.33902987685496955,1.1599082237059282,1.7747994470501094,-0.5737794326976966
-0.8495679629223234,0.2997649105748486,0.5283626179038834,-0.7325657101451264,-0.6999929473951815
1.1081023198765918,0.33321277274875805,2.670956262739458,1.7760053005506133,-0.02661828088920631
0.7294717222557157,0.7952854578148753,0.7288433751109868,1.1264538308846708,-0.31215972323196284
-1.670861331241224,-0.9814518585850748,-1.3703113532448539,-1.054384737415716,0.6205013194246141
-0.2942855770728551,0.871571857310686,-0.3146865648111824,1.4199146953911264,-0.8680688320324671
-0.9969844498606752,-0.20051561424150327,-2.227162195711898,-1.25143801420709,-1.3589082166916768
-2.0074585964380556,-1.555727382928289,-0.9440851757464159,-0.7467097375350843,-0.08214678249871032
0.038864444906553663,0.8023132959914364,-0.26652292024802265,0.6972515814006671,0.7086308329692731
-0.7611524217605734,1.9851535507764422,-1.3520971142860667,-0.04606359068404009,0.5068427842198105
0.6596396456983274,1.3122647949411357,-0.42797388193687996,-0.2595270306188245,-1.1649698720884418
-0.48576312533288585,0.17027209682393848,-1.4885692086205193,-0.8696784670754926,-0.9709187606286901
1.3801863599977615,0.7268011926209714,0.10467350157521679,0.12498869323089279,0.5797380065825615
0.21622049654857933,0.6870110689673977,-0.36989733469082414,-0.5448661440166345,0.018371385511313912
0.6566135620004065,0.6275904436380829,-0.06665286750729457,-0.11988997157996802,-2.1356192973622994
-0.2919863565306781,1.418844912511451,-0.26276467290633665,0.4709304809124803,1.420465054618957
0.5088901154121155,0.6515417213586944,-0.507684726874947,-0.38158251151534206,1.2400635506490667
-0.24821099967558508,0.2909501348477075,-0.6887122728116299,-0.5146853784384119,0.04303033922031052
-0.6382922170897954,-0.3513851037099739,-0.48364242472629426,-0.585140797014296,-0.6185051237055633
0.03628417051577493,-1.6474727817713783,0.04908104010493025,-0.5459306844605037,-1.7948504919780994
1.6296763893712103,-0.04638723036366629,1.3568726844904067,-1.3669007666060975,-0.9769158285333338
0.8827453297721239,1.6382730170946844,-0.8721515988267015,-0.1321932936779521,-1.2539482403755347
-1.5957749730807844,-0.8545453999610121,0.9609293879369658,-0.5799902664326441,-1.3879882488782125
-1.4404190798432546,0.17524188486622228,-1.6282354404029225,-0.13848288371650586,-0.12460659235682751
1.1912346704774663,-0.1515536993095491,-0.5851000299952993,0.14490422811379552,-0.3374053419759853
1.8795737478155237,-0.6731856985468465,1.4424557162729978,-0.7950362604118684,-0.7774074889619527
1.0803632452855405,0.24378986812542003,0.024936416870784572,0.39961582824489816,-0.6995512806634248
-0.9916963741909406,0.722324524333956,1.0304200834571207,-0.24432324746778772,-0.24800473836857642
-1.2653113215171239,-1.0058598279889612,0.4755642061102626,1.0921833724137961,1.8402180378423267
-0.2625210788361874,-1.046921743348098,-0.6550845128785597,-0.7097236039038629,-0.370829511319017
0.4119950345418844,-1.0391821497870741,0.2375126723544272,1.4872807182455747,0.008665618206190245
1.0187861785318177,0.46547779217931506,-1.5282898004791323,-1.0038166077847976,-0.7304389366173659
0.6480806508940726,0.3818546931543893,0.07398931793413699,-0.824330807120289,-0.37129658561875173
0.4601742956306695,0.2443020940879423,0.2406283241309682,2.3627183367742224,-0.3221245881842245
-0.44774239926013365,-0.41978258446337,-0.9669843745153915,-0.039140946297530364,-0.13981816599885424
0.28764894613490705,0.07281742547736209,0.09439883762797244,-0.17875897749745245,-0.03687781978894975
1.4898398020934334,-0.1533638226865964,2.220019379945147,-0.20007073995914781,1.196119551936576
0.2273807604244248,-0.24211465739352878,0.2565866202488115,0.4384312195648443,0.49378013769419504
-1.382255397898225,-0.4622765424437495,-0.69192354407779455,0.8509557866727732,-2.1198869166474723
-1.8521102802646312,0.6203019960953133,0.019280878504487564,-0.757625350667069,0.8238954275503951
0.1753484030106572,0.14109325035059297,0.06577634367812796,-0.6464789773018512,-0.07349598184054394
-1.3047142302687431,0.0326340770346375,1.190483786515289,1.1331107023293958,1.2492987593064118
1.1309692498956392,0.8123247056768126,0.5481139295551386,0.5616622493222014,-0.9006095941382277
-0.8203097673179982,-0.8433557013744764,-1.8509584596661333,-0.2280598333552949,1.2237521665703492
0.6726095579603601,-1.6806078945690375,1.172502537109838,-9.564257199334014e-4,-0.23940901437379003
-1.4794363533479675,1.3224071921312277,-0.003946097247629066,1.9407415297989972,0.9919529888916614
-0.5428344796700572,-0.09263519488305566,1.1199410055184176,1.8845127879477168,0.6887663945829873
-0.8667563560180636,0.8978776887671807,-1.5041947424239182,9.85492749145292e-4,0.8540701204086811
0.546482870201437,0.743535744146874,-1.5571199418966777,-0.9168257897976497,0.5014774751280658
0.8125630873463556,0.09161791019281731,1.0944603092479765,-0.14863236252734705,0.09914611352987433
-0.6052471126430707,-1.917393223857093,-0.06295856609004419,0.0977892208128152,1.1540994964126132
0.8202539340483902,-0.6281451672662717,-0.5891162746902104,1.4235244645982517,-0.6419761370002053
0.3233435926745466,-0.13461081632747632,-0.291269411180434,-2.2249484978958876,-1.4013372676569325
0.13148420576497966,0.10283550133149433,-0.011791391133685575,2.1235827293413543,-2.0041367828650625
1.7011022459985137,1.4319807020039224,0.6398053825302356,-0.6153315302113087,0.22047438485394655
-1.462382662350549,0.5321026759417654,-0.7829475374199917,0.8223194834662917,0.14098461254884875
1.0064263843950294,-1.1687149329915913,-1.3603253128514101,-0.3910134231699804,-0.2657384013586238
-0.9655859894693828,-1.771388430436529,2.4442914827298012,-0.7493803695352519,0.4409943927357268
0.5184121390335732,-0.5971212045282265,1.0420560393349951,-0.15755903422121656,-0.014365595686796798
1.4573476090207544,0.35660362632849535,0.1778425220311426,0.5315293198219185,0.5780642788689021
0.5783063278812823,0.2563177791311999,0.9416731855110633,-1.4405436603665422,-1.0408065350018458
0.46557439265299827,-0.1663190869099203,-0.6837031109263629,-1.8297873724902691,-0.47697386589203045
-0.44773293352112514,1.5716754577456282,-0.8971533618100119,0.17368324933565887,0.6153195434021235
-1.4317397704576895,-0.6840539155866006,0.35103707599934864,1.807305318393473,-0.010311783936972432
1.1471615383136091,0.028679451171118087,0.813623751357391,-1.0141204669711499,-0.047158394647379656
2.680104478981904,0.3421764293511588,0.8519500211962314,0.017388404427233883,-2.7524234706414195
-0.2159358210024691,-1.7897850395855155,-1.055760727234039,1.5055891789763836,1.3714009335778234
0.39052604023042153,-0.9756815347295169,2.0283161642215637,-0.6462108538149441,0.20476550280915076
0.399412838249538,-0.0152464716078769,-0.9300584097138498,0.3786166165077899,1.4738981215760527
-0.20765579721724203,-1.1141944844868166,1.0050068454673322,1.2483977847672214,-0.004422804233288422
0.20765235058974604,-0.7260004498757469,1.5618896302865066,0.07177301158014335,-0.5642995412272214
0.26519566228276314,0.5993923852617831,-0.2918767703821622,1.3723332444095842,-1.334386126879401
-0.1383440037583923,0.5852126058764503,0.4083073929067283,0.2128824990194339,0.351173646262376
0.3279361646736168,-0.5712639445710146,-1.2874571492555913,0.32252038323029186,0.8969839503584717
-0.4301862785531605,1.2044785583867554,0.34621879245330034,-0.6138337216402507,0.07946609538235709
-1.0749491633009236,0.30216806637467797,-1.8447030601082037,-0.15659760569489428,0.7171611254439839
-1.0632041166819042,1.0263563473175155,-0.7368084964160577,0.5065781720300742,0.9957953655689225
2.0860676908220865,1.3336618548528612,-0.1768793784729354,-0.4562260084422525,-0.41300873177459746
-0.40561474055604063,0.7453385134443814,-1.2390344999736589,-2.2676852500293525,0.16558945372469064
-0.30313919563980285,-1.4768683833267033,-0.4080886246081936,-0.0600434260804347,-0.47372578224419837
1.0023569134929533,0.6124564243345145,-1.908473589505442,-2.776976665113555,0.10027504460755438
-0.4269140171104703,1.2270668325033094,-1.0158691216139244,0.8749794816621047,-1.3089897713774297
-1.0912596927925686,-0.20734716016613508,0.6234534033987547,2.197903540446231,0.7894831864794036
1.2072741225060992,0.7842321876711545,0.9173463186223161,-1.1605267222272424,-0.7673097318572342
-0.8027580948473093,-0.15689738067772616,-1.0023917468952315,-0.4279969307212088,-1.095615366419339
0.9929352508347422,-1.8797879335037164,-0.49194603077671756,-1.0684769247888224,-0.09602566829409578
0.18016871856776917,1.4169264761510152,0.2373368351949986,-0.4118773078312176,2.23511272367018
1.8702698302767207,-0.08529441856249154,-0.30420553237572734,-1.3219529373922774,0.01630742971409435
-0.05903871645498382,-1.3298363868027436,0.896154842773696,1.0560767513470832,-0.32894112588132773
0.11319162079516942,0.668559775242594,0.6103629513182315,-0.2762183114006315,-0.7656784204828259
-2.5513854003252012,-1.3516747383939718,-1.062981285065216,-0.9497436465089661,-1.2745473680542765
1.9935393729411146,1.977794244404975,0.3125730698845266,0.5208528533757962,-0.20653547413922108
0.019564787859455535,-0.71701563386227,0.6282136247308843,2.081137749470129,-0.45338749257480343
0.6616041965133441,0.39109328171873725,-0.5250682781427233,-0.0266309027383176,-0.8073980283309777
0.7417672659903403,-0.32159356428155395,0.09869705892372105,-0.32223979209370845,-1.7251679685414931
-0.7045323858330155,0.1938759851404989,-0.027689867704400045,0.9297432669953748,0.3130453834695664
-0.5619981889736958,-0.5904719019327413,0.36026282120109476,-1.5061862036953282,-2.0504391795454264
-2.3360989916314443,-1.712576098286465,-0.5659244861895358,-0.8968527496123118,0.4680683035515222
-0.5273971709084374,-0.17862758414589672,-0.493901873977542,0.21767179485387228,0.14899895848133343
-1.1175153868120797,0.028616420916487126,-0.8648941748068355,0.6265078400635464,-1.5581333056000537
-0.7658805573312931,-1.0516775593943593,1.0060323007280114,-0.22678016286775643,-0.3268339798188466
-0.33945424462912815,0.1551734950134282,-2.026557715525518,-1.8364093296944386,-1.1778787796055294
-1.1832383964451192,1.843634497325892,-1.05078568818856,-0.26008903997941357,1.2620544992372347
-0.7660542324337367,-1.0873591177670734,1.2141682188591139,0.5613894575153406,-0.31089072903041587
1.13355913338237,0.29186634024297275,0.1554521643614986,-2.27210449471354,-0.9436267945175056
-0.3330834628477866,0.09888916961334057,0.14580387945625053,-0.10974614178769362,0.25488171595332354
-0.06229613150874569,1.0336660430464621,-0.349564182449729,0.6583264633520436,-0.6704665177385285
1.0989098190659887,0.11566112203547022,1.634715681217735,-0.34485880133642405,0.2644265471320699
-0.17591474354282344,-1.2266674248762308,-1.4662188192447971,-0.5532654938696452,-1.4103581246875763
-1.3051205676928601,0.6912158715225216,-1.0876133792305387,0.7191688439575401,-0.2028121067400767
1.357252592477649,-0.14147338034914292,-0.07956453648224715,-1.4379420906975406,0.2160214786300307
1.361254387304184,-0.42726451962667045,-0.2957663631208501,0.11242414225264877,1.6897151933850905
-1.8139889141067016,-2.0133809759780297,-0.6344031082021427,1.0795940768807444,-0.4021774750451802
-0.40400415847458926,-0.3222729185213305,1.0918763124632285,-0.11184448306761055,0.8948030392946997
1.6981815489119727,0.8548996440232063,0.17474972351250811,-2.4940820074562513,-0.07244737652520705
0.9492613742691127,-0.09019850459766095,0.691476620762563,-1.0438732049498198,0.7258486968975343
0.3278360983866952,-0.8872633458927479,-0.18388240950095047,-0.5905002965942816,-2.156349367802289
-0.8717723255475005,0.379395569394417,-0.26621698653771897,0.49473966467851493,0.02082219778162395
-1.211141984663413,-0.6922949597089432,1.0498746733744435,1.0148785913204954,1.545012624323168
1.0465481817305187,-0.35771070236729907,1.9018439353562648,0.28708776213790904,-0.4280895210834988
-0.24464890758412947,-0.4967845855713594,-0.14874386793190092,-0.777610158676259,-0.24838122612806282
-1.130660816599982,-1.47311799027108,0.49033435951377513,-0.6224558881218423,-0.38745841271343906
-0.47444430215413114,-1.5481003989707753,-2.286639933983055,0.3896745517672714,1.1805983216039067
1.0734298264875342,1.059564899721478,0.5479863982958011,0.42921198706267116,-0.4530862964269613
-0.7754487594056639,1.272753897221397,0.6391676334905085,-0.3140145011594691,1.38694614605267
0.025335046598538136,-1.139953223475123,-0.5851304654154323,0.6095478393284917,-1.0560838867992262
0.41247899014371653,-0.09377525375241318,1.6670152743151143,1.5055503275273467,-0.3850475731507063
0.7473462488589977,0.8473007645088075,0.5338867630899031,0.4793052979821575,0.37670892597284855
0.3802861226520966,-1.028606610776157,0.3780072617532498,1.5801655581153498,1.2184715275983629
0.01745097955005498,0.7661752835970201,0.0789333798731556,0.4055121747394521,0.1619280079171596
0.5347088302732564,0.604131099940088,-0.3532688278569398,-1.524267723197934,0.3051718367291094
1.2918358861723196,0.7364889762236329,0.6843047046056153,-0.18822886547798703,1.815072585799891
1.5370953347306202,0.03431727880156,2.4805274342814987,-0.3390957647987908,-0.14872905867373754
0.5711992287028449,-0.3348259924855766,1.1936818218626943,-1.7101549922911405,0.07927413244353135
1.0583770473553766,0.8034149222013363,0.07016206657263782,0.1926508702016413,0.2731390186470972
-0.9386847302368814,-0.37430362703679176,-0.5616745333582315,-0.37932869664231456,-1.934676171246324
-0.04306747158427837,-1.7649443049395352,0.8728754131138762,-1.975477944966671,0.608700310043307
0.04349448193016092,0.030758548562643546,-0.6303202136310526,-0.9747257940132805,-0.3110915384669849
0.5990693835240557,0.7749088952192891,1.7509082609674005,-0.2565473450606953,0.56462250381233825
-1.8755889002624198,-0.17816409740242056,0.019318255755959912,-0.508157294715842,-0.47114864433890224
0.21420688841942462,0.07429104628782501,0.4115714361332993,-0.8072226673257166,1.4803547828476922
-0.1639592177586664,-1.8225725715325245,0.5683988095114014,-0.004787426207472578,1.7649627044116776
0.8062694118163818,2.025706552535115,-0.7804012366587774,0.024706669923534964,0.8474028427248415
-0.5416437089260518,-1.0751099165032192,1.506202976458494,1.4565619237166882,-0.14630508627857164
-2.0646780253439494,-1.6833939034131207,-1.2569063970526613,-0.3516791048015197,-2.4897316268719036
1.0210442434939035,-1.3194643204298144,0.7143006439770951,0.56237126455097175,-0.1135677515237937
-0.07928350932411388,0.9199508582348594,-1.3315547937841168,1.2836209973754353,-1.277305490640471
-0.7422303215718287,0.4519772603293599,-0.861291906247289,-0.06253940155816146,-1.6735607498986
0.06377692984106811,0.08854805082483405,-0.6562039820641409,0.5636617909160053,-0.626745718146847
-0.005641812247964562,0.12834505974009175,0.8883550377541152,-0.6233937691378468,0.7450827685258319
3.292940489833081,2.171682463965643,1.2724759344788483,-0.5586988655458996,0.8859623768925196
-0.06119026021492979,-0.4740155652602841,-1.3166974174785566,1.612404217061565,1.0132954290846847
-0.7239280693942701,-0.6609606707083379,0.5563856425771283,-0.09685259446505064,0.036729069532276934
-0.7616117713651877,1.0047463691356016,-1.0149753471641898,-0.6344052407562839,0.03570773539141654
0.3103143216879306,-0.8769722350379632,-0.5731633992741473,-0.7412134096019709,0.26896293710928443
0.9105704799397547,0.6391784480693761,1.3115937279377068,0.5821124185157489,0.3662007132763636
-1.102017964811568,0.42156323163214243,-1.2759940203618783,-0.8809249963342161,0.8325370201941085
-1.1264593375702145,-0.05718522750466798,-0.20663832800831403,1.452641116120671,0.687884282738198
1.2535076817016704,0.33334390764312694,1.199082722538927,0.8385168640574402,0.6609280651320223
-0.38446933130121297,1.4548113241980456,0.9526058341320693,0.949761964735305,-0.07132584288566057
1.80883777746981,2.2273708212803855,0.7977868718308606,-1.3436519527920683,0.11071039994901216
0.4274198262639482,-1.3398230301959702,-0.5724716697308874,-2.7257177516976294,-0.9417239848655877
0.1273533269646879,-0.620533556081681,0.2529414663249212,0.374807477458047,1.060223418650285
-0.4592752140576437,0.3938354318575441,-0.7193827677734714,-0.5583648230782162,0.703659051363756
-0.10286793094468871,-0.5454625265092382,0.26014143940025,0.07472742438795796,-2.1905071538550893
0.5629753585957713,-0.8431724999427319,-1.2295145740421247,0.3651552749864744,0.00969608289155359
-0.7454593506229693,0.7156499509728842,0.6519575679988302,0.4879775166867971,-0.7091421354612778
0.20796874182823818,0.41357846330453196,0.5117706402925556,-0.33438714886152154,-0.07532481731445066
1.065550091730041,0.605765558331828,-0.19141481598126553,-0.6432356040400657,0.6648066282795458
-0.47788366158865303,-0.19498767011802243,0.7665478660027432,1.0432388680260496,0.3643575130764092
-0.718223982822169,-0.9439728462924972,-0.5416421549959471,0.3955976262841225,-0.32946301636869546
-1.3342324598289292,-1.9036324209114013,-1.011900867160597,0.329896316027873,0.06706813609370799
-0.058114426678799624,0.6641186115882552,-0.16737107425192535,0.2905674686929365,-0.5465122645748386
0.17807277736430221,-1.127323952151598,0.30635614254194843,0.36277926652253734,-0.4068664118912939
1.023139241647427,-0.2994219739055203,1.2728198427528656,-0.8692838867028868,0.151642518672767
-0.8820816990398801,1.1654166182487995,0.39105355094477817,-0.31072248632929433,-0.9619760394163189
-2.2824228515284943,-2.0281638152749646,-1.2948992630852298,-2.239809386489417,2.243100055960775
0.03451580689639079,0.6065458627708862,-1.1381459582713154,-0.9044966636433178,1.278062045246672
-0.6758223752965897,0.4417515826052204,-0.3575469147559186,0.2560779010802019,-0.5285910528569082
0.6603652705901675,-1.2395437766311586,1.0912128605235931,-2.3351936769881063,2.147952268222435
-0.20115040016865737,-1.39260873873273,-0.5017351045885616,-0.16647864342616867,1.0970315461499924
0.6432882913377167,0.65229561782793,0.26109951197096637,-1.1028261670786201,0.5860328504493822
-0.5119786957225507,-1.9716537670686867,2.325696196353098,-0.3618668174693735,1.3569305974765675
-0.5518269922151031,-0.41357743458966434,0.20449123118492757,1.9058824334778017,2.105995337404319
1.0531280118166146,1.0718910896488152,-0.6967228428103183,-0.4558739256583181,1.2475628018815357
0.6225313092139908,0.37358362820227964,0.19628368152772335,-0.4044105863340832,0.47416691420114343
1.3836999089364417,0.13150683300425658,1.296284392437347,1.2873363634152377,0.7628039265370321
-0.48434234842007845,0.3506556016294272,1.2840605683962591,0.718243012025787,-0.849746012773417
-0.4919505315472788,-1.1861178949472033,-0.05449755186293581,1.4684204530464682,-1.1326891758355853
1.118000242573326,-0.027091713689726085,1.859368346460316,0.7637894255649637,-0.31037301999651606
-1.2908828154385996,1.5403913149954276,-0.08157440953755046,0.8393914482339762,0.7911285146095088
-1.1579506643885285,-0.5019724584321644,-0.36232102526059684,-1.7555184122922485,-1.1620398659593363
0.09907063716926244,1.0095693987805203,-1.0761737561303768,0.6674318660931676,-0.6935068299331618
0.9911980364458715,0.4964342780420214,0.5800488771141405,-0.08644713456871639,-0.8207118605702055
-0.7396763377780808,-0.6442498449333078,-1.1650638458973879,-0.6344515184019328,0.21006018629129244
0.48872580755706796,0.7772902053646212,0.00925962029720187,-2.0210117480559466,-1.185444883059306
-1.0170905593938575,-0.16569974340974736,-0.49809369383052693,-1.0098458936546275,-3.0875611753947694
1.3152378712759436,-2.7899957099995447,-0.0056714885990791775,0.4336851201194517,-0.8243937679980948
0.5055750666005612,0.5662023139285179,-1.217553227865635,-1.2833480184068689,-0.8321367226846965
0.7493281741491213,2.5898588456334797,-0.07586974922591444,0.07562346435830095,1.673971493599593
-0.6869771472240029,-0.7070083790596715,1.0051327523096516,0.3639289820743435,-0.560725038239036
1.832473355846481,-0.4227656809353691,0.5526373066188242,-2.078063672313372,0.27422622031507515
-0.12464549591637375,-2.0078668255074383,0.052380030642871445,-0.2121078144359151,1.5763492306974125
-0.8179890590903085,0.4465533661118745,0.6964070474840874,1.6950495038458426,0.597179309083005
-0.28108376652234957,-1.0312005721780522,0.5201661372433715,-1.7082015264689907,0.7312761762872138
-0.03581443491158831,0.6195213674863641,0.6431468177842092,-1.5723002775158057,1.7660606017984706
-0.2656829881544253,-0.7078434522770566,0.8483776179387921,-0.9880864738187402,-0.5860790251063788
-1.2190203571161853,-0.4968481652676599,0.02737849935274854,1.8258407206088991,-0.11241170729700833
1.4595140190540545,-0.026685022328626046,2.0677495799803314,0.1337344521034844,0.07468155286021547
0.8621839946363439,1.7765169785289427,0.08628093766386119,-0.9656405871400386,-0.9222902322998947
0.9274629190010342,1.3776703043780278,-0.5474390612997818,0.5572287848295272,-0.5656280726136874
1.3026468461769303,-0.4929837289032531,0.8764626915081184,-0.4716107288443614,-0.44261775306053247
1.1173876174840818,1.3678205231768887,-0.3083278549123055,0.9037593753926138,1.1036837796685601
1.8145277340341135,1.619144678573889,1.2030775595969745,-0.7101424717989158,1.0220214670806291
0.2685001095099424,1.7748163185811499,-0.706101690061889,0.3391135351288109,1.74016069788333
-0.27989991169056927,-0.488368009692543,-0.8713302253766926,-0.7606219910544078,-0.3572660760200789
2.5610964362467215,-0.44413780157420846,0.34664610231989,1.3232468184870496,0.9886447053255651
1.0605178409566776,-0.1311902435559454,0.7085389039540222,-0.896677197322329,-0.7789718354730623
0.12576987779787524,-0.2092703352401115,0.489439948508609,-0.5783365902807045,0.5422123971422927
0.8565177381395759,0.3841539519719175,0.5721615347375076,-0.5291336118717129,-0.9262715291795914
0.19872286231054706,-0.8246217230673092,0.8275646974911618,0.7607685035392744,-0.1354083411879739
-0.6877418216634146,0.34845659143529795,-0.5430425780127104,0.7040659207278468,0.6873543743808406
0.06243640447746912,-0.5283423453066086,0.19768915113853958,0.9750020710580836,-1.4887665154079535
1.1382503451849362,0.19538982753668807,1.638890916331265,1.3800728943021343,0.634931337975088
-2.140008130982623,-1.5351063354613983,-0.024314535993531727,1.1112412031226826,-1.425506764630904
-0.18473614133594707,0.22198231177066152,0.5127707511975907,-0.9907221652559108,-0.5468519992054494
0.07696217071442513,1.3937774456015712,0.8877415886989626,-1.0485329005181385,-0.7327756286906931
2.2872829530027365,0.7359532395812208,1.1196550553666116,0.782214837968275,0.4933968877608727
